ProductID,Store,Category,Product Name,Brand,Current Price,Original Price,Savings Amount,Discount %,Is On Special,Special Type,JSON Category
"COL001","Coles","Premium Chocolate","Cadbury Dairy Milk Advent Calendar","Cadbury",4.50,9.00,4.50,50.0,True,"Half Price Specials","Liquor"
"COL004","Coles","Premium Chocolate","Cadbury Dairy Milk Block Chocolate","Cadbury",4.00,8.00,4.00,50.0,True,"Half Price Specials","Liquor"
"COL008","Coles","Premium Chocolate","Cadbury Chocolate Coated Fruit or Nut Jar","Cadbury",6.50,13.00,6.50,50.0,True,"Half Price Specials","Liquor"
"COL035","Coles","Premium Chocolate","Coles Finest Luxury Chocolate Hazelnut Buche","Coles Finest",20.00,0.00,0.00,0.0,True,"Half Price Specials","Dairy, Eggs & Meals"
"COL036","Coles","Premium Chocolate","Coles Finest Tiramisu or Berry Pavlova Flavour Block Chocolate","Coles Finest",4.00,0.00,0.00,0.0,True,"Half Price Specials","Liquor"
"COL072","Coles","Premium Chocolate","Cadbury Favourites","Cadbury",7.00,14.00,7.00,50.0,True,"Half Price Specials","Liquor"
"COL074","Coles","Premium Chocolate","Toblerone","Toblerone",10.00,20.00,10.00,50.0,True,"Half Price Specials","Liquor"
"COL075","Coles","Premium Chocolate","Lindt Lindor Gift Box","Lindt",14.00,28.00,14.00,50.0,True,"Half Price Specials","Liquor"
"COL076","Coles","Premium Chocolate","Lindt Lindor Limited Edition Bag","Lindt",16.00,32.00,16.00,50.0,True,"Half Price Specials","Liquor"
"COL077","Coles","Premium Chocolate","Lindt Lindor Limited Edition Round Tin","Lindt",22.00,44.00,22.00,50.0,True,"Half Price Specials","Liquor"
"COL078","Coles","Premium Chocolate","Cadbury Baubles Bag","Cadbury",4.50,6.70,2.20,32.8,True,"Half Price Specials","Liquor"
"COL080","Coles","Premium Chocolate","Cadbury Roses Tin","Cadbury",15.00,30.00,15.00,50.0,True,"Half Price Specials","Liquor"
"COL184","Coles","Premium Chocolate","Cadbury Favourites Ultimate Share","Cadbury",15.00,0.00,30.00,0.0,True,"Half Price Specials","Liquor"
"COL185","Coles","Premium Chocolate","Cadbury Christmas Classics Pack","Cadbury",14.00,0.00,12.00,0.0,True,"Half Price Specials","Liquor"
"COL186","Coles","Premium Chocolate","Cadbury Roses","Cadbury",10.00,20.00,10.00,50.0,True,"Half Price Specials","Liquor"
"COL207","Coles","Premium Chocolate","Lindt Excellence Block Chocolate","Lindt",5.50,8.50,3.00,35.3,True,"Half Price Specials","Liquor"
"COL221","Coles","Premium Chocolate","Lindt Lindor Tiramisu Block Chocolate","Lindt",4.25,8.50,4.25,50.0,True,"Half Price Specials","Liquor"
"COL277","Coles","Premium Chocolate","Cadbury Dairy Milk Sticks","Cadbury",6.00,12.00,6.00,50.0,True,"Half Price Specials","Liquor"
"WOL001","Woolworths","Premium Chocolate","Cadbury Old Gold 175-180g","Cadbury",4.00,8.00,4.00,50.0,True,"HALF_PRICE","General"
"WOL077","Woolworths","Premium Chocolate","Cadbury Cake Bars or Mini Rolls Varieties Pk 5","Cadbury",3.90,3.90,0.00,0.0,False,"REGULAR","General"
"WOL101","Woolworths","Premium Chocolate","Pauls Chocolate Mousse Pk 12 x 50g","Pauls",7.00,7.00,0.00,0.0,False,"REGULAR","General"
"WOL267","Woolworths","Premium Chocolate","Nestlé Bakers Choice Baking Chocolate Blocks or Melts 170-225g","Nestlé",3.60,3.60,0.00,0.0,False,"REGULAR","General"
"WOL268","Woolworths","Premium Chocolate","Nestlé Bakers Choice Baking Chocolate Bits 200g","Nestlé",4.20,4.20,0.00,0.0,False,"REGULAR","General"
"WOL272","Woolworths","Premium Chocolate","Lindt Lindor Mini Milk Cornet 50g","Lindt",4.80,4.80,0.00,0.0,False,"REGULAR","General"
"WOL273","Woolworths","Premium Chocolate","Toblerone Pralines 45g","Toblerone",5.00,5.00,0.00,0.0,False,"REGULAR","General"
"WOL275","Woolworths","Premium Chocolate","Lindt Lindor Advent Calendar 109g","Lindt",10.00,10.00,0.00,0.0,False,"REGULAR","General"
"WOL276","Woolworths","Premium Chocolate","Lindt Teddy Advent Calendar 170g","Lindt",20.00,20.00,0.00,0.0,False,"REGULAR","General"
"WOL277","Woolworths","Premium Chocolate","Cadbury Advent Calendar 90g","Cadbury",4.50,9.00,4.50,50.0,True,"HALF_PRICE","General"
"WOL278","Woolworths","Premium Chocolate","Cadbury Mini Christmas Mix 70g","Cadbury",5.00,5.00,0.00,0.0,False,"REGULAR","General"
"WOL279","Woolworths","Premium Chocolate","Cadbury 3D Advent Calendar 312g","Cadbury",15.00,15.00,0.00,0.0,False,"REGULAR","General"
"WOL281","Woolworths","Premium Chocolate","Toblerone Gift Box 400g","Toblerone",11.00,22.00,11.00,50.0,True,"HALF_PRICE","General"
"WOL282","Woolworths","Premium Chocolate","Lindt Lindor Gift Box 232-235g","Lindt",14.00,28.00,14.00,50.0,True,"HALF_PRICE","General"
"WOL283","Woolworths","Premium Chocolate","Guylian Chocolate Seashells 250g","Guylian",14.50,29.00,14.50,50.0,True,"HALF_PRICE","General"
"WOL284","Woolworths","Premium Chocolate","Cadbury Roses Tin 485g","Cadbury",15.00,30.00,15.00,50.0,True,"HALF_PRICE","General"
"WOL327","Woolworths","Premium Chocolate","Cadbury Chocolate Coated Fruit & Nut Varieties 270-340g","Cadbury",6.50,13.00,6.50,50.0,True,"HALF_PRICE","General"
"COL002","Coles","Fresh Meat & Seafood","Coles Beechwood Smoked Half Leg Ham","Coles",8.00,0.00,0.00,0.0,True,"Half Price Specials","Meat, Seafood & Deli"
"COL027","Coles","Fresh Meat & Seafood","Coles Queensland Thawed Raw Tiger Prawns","Coles",28.00,32.00,4.00,12.5,True,"Half Price Specials","Meat, Seafood & Deli"
"COL028","Coles","Fresh Meat & Seafood","Karumba Australian MSC Certified Frozen Raw Banana Prawn Box","Karumba",52.00,0.00,0.00,0.0,True,"Half Price Specials","Meat, Seafood & Deli"
"COL029","Coles","Fresh Meat & Seafood","Coles Queensland Frozen Cooked Extra Large Black Tiger Prawn Box","Coles",84.00,0.00,0.00,0.0,True,"Half Price Specials","Meat, Seafood & Deli"
"COL030","Coles","Fresh Meat & Seafood","Coles Double Smoked Half Leg Ham","Coles",13.00,0.00,0.00,0.0,True,"Half Price Specials","Meat, Seafood & Deli"
"COL031","Coles","Fresh Meat & Seafood","Coles Finest Free Range Triple Smoked Half Leg Ham","Coles Finest",15.50,0.00,0.00,0.0,True,"Half Price Specials","Meat, Seafood & Deli"
"COL040","Coles","Fresh Meat & Seafood","Bertocchi Soppressa","Bertocchi",34.00,39.00,0.00,12.8,True,"Half Price Specials","Meat, Seafood & Deli"
"COL088","Coles","Fresh Meat & Seafood","Coles RSPCA Approved Chicken Boneless Herb & Garlic","Coles",11.00,13.00,0.00,15.4,True,"Half Price Specials","Meat, Seafood & Deli"
"COL089","Coles","Fresh Meat & Seafood","Coles Australian Pork Mince 3 Star Regular","Coles",5.00,6.00,0.00,16.7,True,"Half Price Specials","Meat, Seafood & Deli"
"COL090","Coles","Fresh Meat & Seafood","Coles Classic Burgers","Coles",7.50,8.50,0.00,11.8,True,"Half Price Specials","Meat, Seafood & Deli"
"COL091","Coles","Fresh Meat & Seafood","Australian Pork Thin Cut Loin Steaks","Coles",9.00,10.00,0.00,10.0,True,"Half Price Specials","Meat, Seafood & Deli"
"COL092","Coles","Fresh Meat & Seafood","Coles RSPCA Approved Chicken Tenderloins","Coles",9.50,11.00,0.00,13.6,True,"Half Price Specials","Meat, Seafood & Deli"
"COL093","Coles","Fresh Meat & Seafood","Coles Made Easy Slow Cooked Beef Brisket in BBQ Sauce","Coles",15.00,16.50,0.00,9.1,True,"Half Price Specials","Meat, Seafood & Deli"
"COL094","Coles","Fresh Meat & Seafood","Coles No Added Hormones Beef Porterhouse Steak with Black Pepper & Thyme Butter","Coles",19.00,20.00,0.00,5.0,True,"Half Price Specials","Meat, Seafood & Deli"
"COL159","Coles","Fresh Meat & Seafood","Coles RSPCA Approved Chicken Breast Fillets Large Pack","Coles",11.00,0.00,0.00,0.0,True,"Half Price Specials","Meat, Seafood & Deli"
"COL160","Coles","Fresh Meat & Seafood","Coles RSPCA Approved Chicken Drumsticks Large Pack","Coles",4.80,0.00,0.00,0.0,True,"Half Price Specials","Meat, Seafood & Deli"
"COL161","Coles","Fresh Meat & Seafood","Coles RSPCA Approved Chicken Thigh Fillets Large Pack","Coles",14.50,0.00,0.00,0.0,True,"Half Price Specials","Meat, Seafood & Deli"
"COL162","Coles","Fresh Meat & Seafood","Coles Australian Pork Spare Ribs","Coles",19.00,22.00,3.00,13.6,True,"Half Price Specials","Meat, Seafood & Deli"
"COL163","Coles","Fresh Meat & Seafood","Coles Finest Sausages","Coles Finest",8.00,9.00,1.00,11.1,True,"Half Price Specials","Meat, Seafood & Deli"
"COL164","Coles","Fresh Meat & Seafood","Coles Australian No Added Hormones Beef Rump Steak","Coles",23.00,29.00,6.00,20.7,True,"Half Price Specials","Meat, Seafood & Deli"
"COL165","Coles","Fresh Meat & Seafood","Coles Australian Lamb Whole or Half Leg Roast","Coles",14.00,17.00,3.00,17.6,True,"Half Price Specials","Meat, Seafood & Deli"
"COL168","Coles","Fresh Meat & Seafood","Tassal Smoked Salmon","Tassal",7.00,11.50,4.50,39.1,True,"Half Price Specials","Meat, Seafood & Deli"
"COL169","Coles","Fresh Meat & Seafood","Primo Cocktail Frankfurts","Primo",7.90,9.50,1.60,16.8,True,"Half Price Specials","Meat, Seafood & Deli"
"COL170","Coles","Fresh Meat & Seafood","Primo Middle Bacon","Primo",14.50,19.00,4.50,23.7,True,"Half Price Specials","Meat, Seafood & Deli"
"COL171","Coles","Fresh Meat & Seafood","Hans Twiggy Sticks","Hans",22.00,36.00,14.00,38.9,True,"Half Price Specials","Meat, Seafood & Deli"
"COL172","Coles","Fresh Meat & Seafood","Don Premium Melosi Leg Ham","Don",24.00,32.50,8.50,26.2,True,"Half Price Specials","Meat, Seafood & Deli"
"COL173","Coles","Fresh Meat & Seafood","Coles Hot Roast RSPCA Approved Chicken","Coles",12.50,0.00,0.00,0.0,True,"Half Price Specials","Meat, Seafood & Deli"
"COL238","Coles","Fresh Meat & Seafood","Primo Stackers","Primo",3.50,4.50,1.00,22.2,True,"Half Price Specials","Meat, Seafood & Deli"
"WOL082","Woolworths","Fresh Meat & Seafood","Woolworths Marinated Kebabs with RSPCA Approved Chicken 375g Pk 6","Woolworths",7.00,7.00,0.00,0.0,False,"REGULAR","General"
"WOL083","Woolworths","Fresh Meat & Seafood","Woolworths Marinated Chicken Breast Steak Varieties with RSPCA Approved Chicken 500g","Woolworths",8.50,8.50,0.00,0.0,False,"REGULAR","General"
"WOL084","Woolworths","Fresh Meat & Seafood","Woolworths COOK Slow Cooked Beef Brisket with Bourbon Flavoured BBQ Sauce 700g","Woolworths",14.50,14.50,0.00,0.0,False,"REGULAR","General"
"WOL085","Woolworths","Fresh Meat & Seafood","Australian Lamb Forequarter Chops","Australian",19.00,19.00,0.00,0.0,False,"REGULAR","General"
"WOL087","Woolworths","Fresh Meat & Seafood","Australian Beef Rib Eye Bone In Sharing Steak","Australian",38.00,38.00,0.00,0.0,False,"REGULAR","General"
"WOL088","Woolworths","Fresh Meat & Seafood","Australian Beef Sizzle Steak 400g","Australian",12.00,12.00,0.00,0.0,False,"REGULAR","General"
"WOL090","Woolworths","Fresh Meat & Seafood","Chicken Breast Schnitzel Varieties – From the Deli","Chicken",1.50,3.00,1.50,50.0,True,"HALF_PRICE","General"
"WOL092","Woolworths","Fresh Meat & Seafood","Hans Middle Bacon Rashers – From the Deli","Hans",13.00,13.00,0.00,0.0,False,"REGULAR","General"
"WOL094","Woolworths","Fresh Meat & Seafood","Bertocchi Sopressa Salami Made with Australian Pork – Mild or Hot – Sliced – From the Deli","Bertocchi",30.00,30.00,0.00,0.0,False,"REGULAR","General"
"WOL127","Woolworths","Fresh Meat & Seafood","Tegel Take Outs Extra Crunchy Chicken Burgers 550g","Tegel",11.00,11.00,0.00,0.0,False,"REGULAR","General"
"WOL129","Woolworths","Fresh Meat & Seafood","Ingham’s Original Chicken Nuggets, Tenders or Dino Nuggets 1.5 kg","Ingham’s",15.00,15.00,0.00,0.0,False,"REGULAR","General"
"WOL308","Woolworths","Fresh Meat & Seafood","Australian Pork Leg Boneless Roast","Australian",9.00,9.00,0.00,0.0,False,"REGULAR","General"
"WOL309","Woolworths","Fresh Meat & Seafood","Macro Free Range Australian Fresh Whole Plain RSPCA Approved Chicken – From the Meat Dept","Macro",5.50,5.50,0.00,0.0,False,"REGULAR","General"
"WOL313","Woolworths","Fresh Meat & Seafood","Thawed Large Australian Green Banana Prawns","Thawed",17.00,17.00,0.00,0.0,False,"REGULAR","General"
"WOL315","Woolworths","Fresh Meat & Seafood","Thawed Large Australian Cooked Tiger Prawns","Thawed",26.00,26.00,0.00,0.0,False,"REGULAR","General"
"WOL329","Woolworths","Fresh Meat & Seafood","Woolworths BBQ Texas Style Butterflied Boneless RSPCA Approved Chicken","Woolworths",10.00,10.00,0.00,0.0,False,"REGULAR","General"
"WOL330","Woolworths","Fresh Meat & Seafood","Woolworths BBQ Butterflied Lamb Leg Garlic and Herbs","Woolworths",18.00,18.00,0.00,0.0,False,"REGULAR","General"
"WOL331","Woolworths","Fresh Meat & Seafood","Woolworths BBQ Beef Flank with Chimichurri Drizzle","Woolworths",25.00,25.00,0.00,0.0,False,"REGULAR","General"
"WOL332","Woolworths","Fresh Meat & Seafood","Woolworths BBQ Salt & Chilli Pork Belly Strips with Hot Honey Drizzle","Woolworths",25.00,25.00,0.00,0.0,False,"REGULAR","General"
"COL003","Coles","Soft Drinks & Beverages","Coca-Cola, Fanta or Sprite Soft Drink","Coca-Cola",2.00,4.00,2.00,50.0,True,"Half Price Specials","Drinks"
"COL026","Coles","Soft Drinks & Beverages","Boss Iced Coffee","Boss",7.35,14.70,7.35,50.0,True,"Half Price Specials","Drinks"
"COL101","Coles","Soft Drinks & Beverages","Schweppes Mixers or Soft Drink","Schweppes",1.50,3.00,1.50,50.0,True,"Half Price Specials","Drinks"
"COL102","Coles","Soft Drinks & Beverages","Mt Franklin Lightly Sparkling Water","Mt Franklin",1.62,3.25,1.63,50.2,True,"Half Price Specials","Drinks"
"COL103","Coles","Soft Drinks & Beverages","Monster Energy Drink","Monster",8.00,16.00,8.00,50.0,True,"Half Price Specials","Drinks"
"COL190","Coles","Soft Drinks & Beverages","Gatorade Sports Drink","Gatorade",2.50,4.20,1.70,40.5,True,"Half Price Specials","Drinks"
"COL191","Coles","Soft Drinks & Beverages","G Active Water","G Active",2.50,4.20,1.70,40.5,True,"Half Price Specials","Drinks"
"COL192","Coles","Soft Drinks & Beverages","Raw C Coconut Water","Raw C",3.30,5.50,2.20,40.0,True,"Half Price Specials","Drinks"
"COL193","Coles","Soft Drinks & Beverages","Mt Franklin Lightly Sparkling Water","Mt Franklin",12.00,20.00,8.00,40.0,True,"Half Price Specials","Drinks"
"COL194","Coles","Soft Drinks & Beverages","Pepsi Max or Solo Zero Sugar Soft Drink","Pepsi",22.50,37.50,15.00,40.0,True,"Half Price Specials","Drinks"
"COL195","Coles","Soft Drinks & Beverages","Coca-Cola Zero Sugar Soft Drink","Coca-Cola",30.00,50.00,20.00,40.0,True,"Half Price Specials","Drinks"
"COL196","Coles","Soft Drinks & Beverages","Coles Ice Tea","Coles",2.00,0.00,0.00,0.0,True,"Half Price Specials","Drinks"
"COL197","Coles","Soft Drinks & Beverages","Frantelle Spring Water","Frantelle",12.00,0.00,0.00,0.0,True,"Half Price Specials","Drinks"
"COL198","Coles","Soft Drinks & Beverages","Coca-Cola Zero Sugar Soft Drink","Coca-Cola",15.00,0.00,0.00,0.0,True,"Half Price Specials","Drinks"
"COL199","Coles","Soft Drinks & Beverages","V Energy Drink","V",18.00,0.00,0.00,0.0,True,"Half Price Specials","Drinks"
"COL200","Coles","Soft Drinks & Beverages","Golden Circle Zero Sugar Cordial","Golden Circle",4.40,5.50,1.10,20.0,True,"Half Price Specials","Drinks"
"COL201","Coles","Soft Drinks & Beverages","Bundaberg Passionfruit or Guava Brewed Soft Drink","Bundaberg",6.30,7.70,0.00,18.2,True,"Half Price Specials","Drinks"
"COL202","Coles","Soft Drinks & Beverages","Fever Tree Premium Soda","Fever Tree",6.95,9.95,3.00,30.2,True,"Half Price Specials","Drinks"
"COL203","Coles","Soft Drinks & Beverages","Solo Lemon Energy Drink","Solo",3.00,4.20,1.20,28.6,True,"Half Price Specials","Drinks"
"COL204","Coles","Soft Drinks & Beverages","Red Bull Energy Drink","Red Bull",8.75,12.50,3.75,30.0,True,"Half Price Specials","Drinks"
"COL205","Coles","Soft Drinks & Beverages","V Energy Drink","V",10.50,16.75,0.00,37.3,True,"Half Price Specials","Drinks"
"COL212","Coles","Soft Drinks & Beverages","Mother Energy Drink","Mother",3.30,0.00,0.00,0.0,True,"Half Price Specials","Drinks"
"COL213","Coles","Soft Drinks & Beverages","Mother Energy Drink","Mother",8.90,0.00,0.00,0.0,True,"Half Price Specials","Drinks"
"COL244","Coles","Soft Drinks & Beverages","The Juice Brothers Juice","The Juice Brothers",4.50,5.00,0.00,10.0,True,"Half Price Specials","Drinks"
"COL246","Coles","Soft Drinks & Beverages","Grove Juice","Grove",6.95,7.95,0.00,12.6,True,"Half Price Specials","Drinks"
"COL247","Coles","Soft Drinks & Beverages","Dare Flavoured Milk","Dare",4.30,5.40,1.10,20.4,True,"Half Price Specials","Drinks"
"COL248","Coles","Soft Drinks & Beverages","Ice Break Flavoured Milk","Ice Break",3.00,3.95,0.95,24.1,True,"Half Price Specials","Drinks"
"COL249","Coles","Soft Drinks & Beverages","Oak Flavoured Milk","Oak",3.20,4.20,1.00,23.8,True,"Half Price Specials","Drinks"
"COL250","Coles","Soft Drinks & Beverages","Pauls Plus + Protein Low Fat Milk","Pauls",3.40,4.40,1.00,22.7,True,"Half Price Specials","Drinks"
"COL251","Coles","Soft Drinks & Beverages","Remedy Kombucha","Remedy",2.95,4.30,1.35,31.4,True,"Half Price Specials","Drinks"
"COL252","Coles","Soft Drinks & Beverages","Boost Juice","Boost",4.50,6.20,1.70,27.4,True,"Half Price Specials","Drinks"
"COL260","Coles","Soft Drinks & Beverages","Pauls Bluey Flavoured Milk","Pauls",2.70,0.00,0.00,0.0,True,"Half Price Specials","Drinks"
"WOL003","Woolworths","Soft Drinks & Beverages","Fantastic Noodles Bowl 85g","Fantastic",1.00,2.50,1.50,60.0,True,"HALF_PRICE","General"
"WOL011","Woolworths","Soft Drinks & Beverages","Raw C Natural Coconut Water 1 Litre","Raw",2.75,5.50,2.75,50.0,True,"HALF_PRICE","General"
"WOL026","Woolworths","Soft Drinks & Beverages","Pepsi Max, Schweppes Lemonade or Solo Soft Drink Varieties 12 x 250ml","Pepsi",9.90,9.90,0.00,0.0,False,"REGULAR","General"
"WOL027","Woolworths","Soft Drinks & Beverages","Pepsi, Solo, Mountain Dew or Schweppes Lemonade Soft Drink Varieties 10 x 375ml","Pepsi,",9.50,19.00,9.50,50.0,True,"HALF_PRICE","General"
"WOL080","Woolworths","Soft Drinks & Beverages","Coca-Cola Classic, Zero Sugar or Diet Soft Drink Varieties 24 x 375ml","Coca-Cola",24.75,24.75,0.00,0.0,False,"REGULAR","General"
"WOL218","Woolworths","Soft Drinks & Beverages","Dreameez Fantasy Collection Doll Set Pk 5","Dreameez",28.00,28.00,0.00,0.0,False,"REGULAR","General"
"COL005","Coles","Premium Ice Cream","Streets Magnum Sticks","Streets",6.00,12.00,6.00,50.0,True,"Half Price Specials","Frozen"
"COL047","Coles","Premium Ice Cream","Coles Finest Frozen Prawn Toast Squares","Coles Finest",6.00,0.00,2.00,0.0,True,"Half Price Specials","Frozen"
"COL048","Coles","Premium Ice Cream","Coles Finest Fondue Bites","Coles Finest",6.00,0.00,2.00,0.0,True,"Half Price Specials","Frozen"
"COL049","Coles","Premium Ice Cream","Coles Finest Cacio e Pepe Arancini","Coles Finest",6.00,0.00,2.00,0.0,True,"Half Price Specials","Frozen"
"COL050","Coles","Premium Ice Cream","Coles Christmas Reindeer Bao Buns","Coles",7.00,0.00,0.00,0.0,True,"Half Price Specials","Frozen"
"COL051","Coles","Premium Ice Cream","Coles Christmas Salted Caramel & Brandy Snap Ice Cream Tub","Coles",7.50,0.00,0.00,0.0,True,"Half Price Specials","Frozen"
"COL223","Coles","Premium Ice Cream","Peters Original Vanilla Lil' Pops","Peters",4.00,8.00,4.00,50.0,True,"Half Price Specials","Frozen"
"COL225","Coles","Premium Ice Cream","Nombox Japanese Style Chicken Curry with Rice Meal Box","Nombox",4.00,4.50,0.00,11.1,True,"Half Price Specials","Frozen"
"COL253","Coles","Premium Ice Cream","Vegie Delights Sausages","Vegie Delights",6.00,7.50,1.50,20.0,True,"Half Price Specials","Frozen"
"COL263","Coles","Premium Ice Cream","La Famiglia Garlic Bread Slices","La Famiglia",3.75,6.50,2.75,42.3,True,"Half Price Specials","Frozen"
"COL268","Coles","Premium Ice Cream","Hong Kong Dim Sim Kitchen Pork & Chive Dumplings","Hong Kong Dim Sim Kitchen",4.25,8.50,4.25,50.0,True,"Half Price Specials","Frozen"
"COL269","Coles","Premium Ice Cream","Birds Eye Oven Bake Fish Fillets","Birds Eye",6.00,12.00,6.00,50.0,True,"Half Price Specials","Frozen"
"COL270","Coles","Premium Ice Cream","KB's Salt & Pepper Squid","KB's",6.00,12.00,6.00,50.0,True,"Half Price Specials","Frozen"
"COL271","Coles","Premium Ice Cream","McCain Superfries Chips","McCain",4.30,0.00,0.00,0.0,True,"Half Price Specials","Frozen"
"COL272","Coles","Premium Ice Cream","Birds Eye Golden Crunch Chips","Birds Eye",4.80,6.00,1.20,20.0,True,"Half Price Specials","Frozen"
"COL273","Coles","Premium Ice Cream","McCain Healthy Choice Frozen Meal","McCain",4.50,5.00,0.00,10.0,True,"Half Price Specials","Frozen"
"COL274","Coles","Premium Ice Cream","Birds Eye Deli Crispy Light Batter","Birds Eye",8.80,11.00,2.20,20.0,True,"Half Price Specials","Frozen"
"COL275","Coles","Premium Ice Cream","Coles Crumbed Chicken Chips","Coles",10.00,0.00,0.00,0.0,True,"Half Price Specials","Frozen"
"COL276","Coles","Premium Ice Cream","Bulla Creamy Classics Ice Cream Cones","Bulla",5.50,11.00,5.50,50.0,True,"Half Price Specials","Frozen"
"COL278","Coles","Premium Ice Cream","Creative Gourmet Frozen Blueberries or Frozen Banana Chunks","Creative Gourmet",4.00,5.00,1.00,20.0,True,"Half Price Specials","Frozen"
"COL279","Coles","Premium Ice Cream","Streets Calippo or Cyclone Sticks","Streets",5.40,9.00,3.60,40.0,True,"Half Price Specials","Frozen"
"COL280","Coles","Premium Ice Cream","Weis Frozen Dessert Bars","Weis",5.70,9.50,3.80,40.0,True,"Half Price Specials","Frozen"
"COL281","Coles","Premium Ice Cream","Peters Original Twin Pole Sticks","Peters",6.00,8.00,2.00,25.0,True,"Half Price Specials","Frozen"
"COL282","Coles","Premium Ice Cream","Ben & Jerry's Ice Cream Tub","Ben & Jerry's",9.50,14.50,5.00,34.5,True,"Half Price Specials","Frozen"
"WOL106","Woolworths","Premium Ice Cream","Peters Drumstick Ice Cream 475-490ml Pk 4-6 – Excludes Plant Based","Peters",4.75,9.50,4.75,50.0,True,"HALF_PRICE","General"
"WOL108","Woolworths","Premium Ice Cream","Streets Golden Gaytime Ice Cream 400ml Pk 4","Streets",5.00,10.00,5.00,50.0,True,"HALF_PRICE","General"
"WOL109","Woolworths","Premium Ice Cream","Haagen-Dazs Ice Cream Pints 457ml","Haagen-Dazs",6.75,13.50,6.75,50.0,True,"HALF_PRICE","General"
"COL006","Coles","Premium Biscuits & Crackers","La Española Olive Oil","La Española",13.00,26.00,13.00,50.0,True,"Half Price Specials","Pantry"
"COL009","Coles","Premium Biscuits & Crackers","Sunrice Medium Grain Rice","Sunrice",9.50,19.00,9.50,50.0,True,"Half Price Specials","Pantry"
"COL018","Coles","Premium Biscuits & Crackers","John West Salmon","John West",1.75,3.50,1.75,50.0,True,"Half Price Specials","Pantry"
"COL019","Coles","Premium Biscuits & Crackers","Mission Street Tacos","Mission",2.20,4.40,2.20,50.0,True,"Half Price Specials","Pantry"
"COL021","Coles","Premium Biscuits & Crackers","Kellogg's Nutri Grain or Special K Cereal","Kellogg's",3.50,7.00,3.50,50.0,True,"Half Price Specials","Pantry"
"COL022","Coles","Premium Biscuits & Crackers","Vittoria Coffee Sachets","Vittoria",4.25,8.50,4.25,50.0,True,"Half Price Specials","Pantry"
"COL023","Coles","Premium Biscuits & Crackers","Vittoria Nespresso Compatible Coffee Capsules","Vittoria",4.75,9.50,4.75,50.0,True,"Half Price Specials","Pantry"
"COL024","Coles","Premium Biscuits & Crackers","Twinings Tea Bags","Twinings",6.75,13.50,6.75,50.0,True,"Half Price Specials","Pantry"
"COL025","Coles","Premium Biscuits & Crackers","Nescafé Gold","Nescafé",7.25,14.50,7.25,50.0,True,"Half Price Specials","Pantry"
"COL033","Coles","Premium Biscuits & Crackers","Coles Christmas Macaron Selection","Coles",10.00,0.00,0.00,0.0,True,"Half Price Specials","Bakery"
"COL034","Coles","Premium Biscuits & Crackers","Coles Christmas Chocolate Rum Balls","Coles",5.00,0.00,0.00,0.0,True,"Half Price Specials","Bakery"
"COL037","Coles","Premium Biscuits & Crackers","Coles Christmas Sticky Date Pies","Coles",6.00,0.00,0.00,0.0,True,"Half Price Specials","Bakery"
"COL038","Coles","Premium Biscuits & Crackers","Coles Finest Jamaican Rum Brown Butter Fruit Mince Pies","Coles Finest",9.00,0.00,0.00,0.0,True,"Half Price Specials","Bakery"
"COL039","Coles","Premium Biscuits & Crackers","Coles Christmas Traditional Fruit Mince Pies","Coles",4.50,0.00,0.00,0.0,True,"Half Price Specials","Bakery"
"COL043","Coles","Premium Biscuits & Crackers","Peckish Fancies Rice Crackers","Peckish",2.00,3.00,1.00,33.3,True,"Half Price Specials","Pantry"
"COL044","Coles","Premium Biscuits & Crackers","Arnott's Jatz or Clix Crackers","Arnott's",3.00,4.00,1.00,25.0,True,"Half Price Specials","Pantry"
"COL052","Coles","Premium Biscuits & Crackers","Coles Christmas Pfeffernüsse Biscuits","Coles",3.50,0.00,0.00,0.0,True,"Half Price Specials","Bakery"
"COL053","Coles","Premium Biscuits & Crackers","Coles Bakery Choc Chip or Red Velvet Christmas Cookies","Coles",4.50,0.00,0.00,0.0,True,"Half Price Specials","Bakery"
"COL054","Coles","Premium Biscuits & Crackers","Coles Christmas Chocolate Drizzle Stars","Coles",5.50,0.00,0.00,0.0,True,"Half Price Specials","Bakery"
"COL055","Coles","Premium Biscuits & Crackers","Coles Christmas Florentines","Coles",6.50,0.00,0.00,0.0,True,"Half Price Specials","Bakery"
"COL056","Coles","Premium Biscuits & Crackers","Coles Christmas Mini Biscuits","Coles",7.00,0.00,0.00,0.0,True,"Half Price Specials","Bakery"
"COL057","Coles","Premium Biscuits & Crackers","Coles Christmas Gingerbread House Kit","Coles",17.00,0.00,0.00,0.0,True,"Half Price Specials","Bakery"
"COL079","Coles","Premium Biscuits & Crackers","Nestlé Salted Caramel Pretzel Bites","Nestlé",7.50,9.50,2.00,21.1,True,"Half Price Specials","Pantry"
"COL082","Coles","Premium Biscuits & Crackers","MasterFoods Tartare or Seafood Cocktail Sauce","MasterFoods",2.80,3.80,0.00,26.3,True,"Half Price Specials","Pantry"
"COL083","Coles","Premium Biscuits & Crackers","Praise Dressing","Praise",3.00,3.60,0.00,16.7,True,"Half Price Specials","Pantry"
"COL084","Coles","Premium Biscuits & Crackers","Always Fresh Dill Pickled Cucumbers","Always Fresh",3.65,4.60,0.00,20.7,True,"Half Price Specials","Pantry"
"COL085","Coles","Premium Biscuits & Crackers","Sunbeam Australian Currants","Sunbeam",5.40,6.00,0.00,10.0,True,"Half Price Specials","Pantry"
"COL086","Coles","Premium Biscuits & Crackers","Sunbeam Australian Slivered Almonds","Sunbeam",5.50,6.80,0.00,19.1,True,"Half Price Specials","Pantry"
"COL087","Coles","Premium Biscuits & Crackers","Toscano Portuguese Custard Tarts","Toscano",6.00,7.00,0.00,14.3,True,"Half Price Specials","Bakery"
"COL095","Coles","Premium Biscuits & Crackers","McVitie's Digestives Tops Biscuits","McVitie's",1.00,2.00,1.00,50.0,True,"Half Price Specials","Pantry"
"COL096","Coles","Premium Biscuits & Crackers","Nestlé Chocolate Bar","Nestlé",1.50,3.00,1.50,50.0,True,"Half Price Specials","Pantry"
"COL097","Coles","Premium Biscuits & Crackers","Oreo Creme Cookies","Oreo",1.50,3.00,1.50,50.0,True,"Half Price Specials","Pantry"
"COL098","Coles","Premium Biscuits & Crackers","Cobs Popcorn","Cobs",1.75,3.50,1.75,50.0,True,"Half Price Specials","Pantry"
"COL099","Coles","Premium Biscuits & Crackers","Smith's Crackers","Smith's",2.00,4.00,2.00,50.0,True,"Half Price Specials","Pantry"
"COL100","Coles","Premium Biscuits & Crackers","Thins Potato Chips","Thins",2.50,5.00,2.50,50.0,True,"Half Price Specials","Pantry"
"COL156","Coles","Premium Biscuits & Crackers","Coles Natural or Roasted & Salted Macadamias","Coles",16.00,18.00,0.00,11.1,True,"Half Price Specials","Pantry"
"COL157","Coles","Premium Biscuits & Crackers","Coles Roasted & Salted Pistachios","Coles",18.00,20.00,2.00,10.0,True,"Half Price Specials","Pantry"
"COL167","Coles","Premium Biscuits & Crackers","OB Finest Crackers","OB",5.00,6.50,0.00,23.1,True,"Half Price Specials","Pantry"
"COL174","Coles","Premium Biscuits & Crackers","Simson's Pantry Premium Wraps","Simson's Pantry",3.00,5.00,2.00,40.0,True,"Half Price Specials","Pantry"
"COL175","Coles","Premium Biscuits & Crackers","Coles Limited Edition Movember Cookie","Coles",2.00,2.50,0.50,20.0,True,"Half Price Specials","Bakery"
"COL176","Coles","Premium Biscuits & Crackers","Coles Bakery Stone Baked by Laurent Mini Pane di Casa","Coles",2.50,3.25,0.00,23.1,True,"Half Price Specials","Bakery"
"COL177","Coles","Premium Biscuits & Crackers","Coles Bakery Rustic Baguette","Coles",2.50,0.00,0.00,0.0,True,"Half Price Specials","Bakery"
"COL178","Coles","Premium Biscuits & Crackers","Coles Pikelets","Coles",2.50,0.00,0.00,0.0,True,"Half Price Specials","Bakery"
"COL179","Coles","Premium Biscuits & Crackers","Coles Bakery Pizza Rolls","Coles",3.50,4.15,0.65,15.7,True,"Half Price Specials","Bakery"
"COL180","Coles","Premium Biscuits & Crackers","Coles Bakery Cookies","Coles",3.00,3.50,0.50,14.3,True,"Half Price Specials","Bakery"
"COL181","Coles","Premium Biscuits & Crackers","Tip Top Raisin Toast","Tip Top",4.50,5.50,1.00,18.2,True,"Half Price Specials","Bakery"
"COL182","Coles","Premium Biscuits & Crackers","Mr Kipling Cakes or Slices","Mr Kipling",3.00,6.00,3.00,50.0,True,"Half Price Specials","Bakery"
"COL183","Coles","Premium Biscuits & Crackers","Golden Crumpet Rounds","Golden",2.40,4.80,2.40,50.0,True,"Half Price Specials","Bakery"
"COL187","Coles","Premium Biscuits & Crackers","Arnott's Mint Slice or Milk Chocolate Royals Biscuits","Arnott's",3.30,5.50,2.20,40.0,True,"Half Price Specials","Pantry"
"COL188","Coles","Premium Biscuits & Crackers","Vege Deli Crisps","Vege Deli",3.90,6.50,2.60,40.0,True,"Half Price Specials","Pantry"
"COL189","Coles","Premium Biscuits & Crackers","Mars M&M's, Maltesers or Pods","Mars",4.20,7.00,2.80,40.0,True,"Half Price Specials","Pantry"
"COL208","Coles","Premium Biscuits & Crackers","Arnott's Cruskits or Salada Crispbreads","Arnott's",3.00,4.00,1.00,25.0,True,"Half Price Specials","Pantry"
"COL209","Coles","Premium Biscuits & Crackers","Arnott's Tim Tam Biscuits","Arnott's",4.50,6.00,1.50,25.0,True,"Half Price Specials","Pantry"
"COL210","Coles","Premium Biscuits & Crackers","Arnott's Tina Wafer Biscuits or Shapes Crackers","Arnott's",3.00,0.00,2.00,0.0,True,"Half Price Specials","Pantry"
"COL211","Coles","Premium Biscuits & Crackers","Sanitarium Up&Go Liquid Breakfast","Sanitarium",4.70,6.80,2.10,30.9,True,"Half Price Specials","Pantry"
"COL214","Coles","Premium Biscuits & Crackers","Nestlé Condensed Milk","Nestlé",3.00,3.80,0.80,21.1,True,"Half Price Specials","Pantry"
"COL215","Coles","Premium Biscuits & Crackers","Kellogg's LCMs or Nutri Grain Bars","Kellogg's",3.50,4.50,1.00,22.2,True,"Half Price Specials","Pantry"
"COL216","Coles","Premium Biscuits & Crackers","Nice & Natural Nut Bars","Nice & Natural",4.00,5.50,1.50,27.3,True,"Half Price Specials","Pantry"
"COL217","Coles","Premium Biscuits & Crackers","Bonne Maman Conserve","Bonne Maman",5.50,6.90,1.40,20.3,True,"Half Price Specials","Pantry"
"COL218","Coles","Premium Biscuits & Crackers","Moccona Freeze Dried Instant Coffee","Moccona",26.00,37.50,11.50,30.7,True,"Half Price Specials","Pantry"
"COL219","Coles","Premium Biscuits & Crackers","Lavazza Espresso Lamborghini Coffee Beans","Lavazza",29.50,59.00,29.50,50.0,True,"Half Price Specials","Pantry"
"COL220","Coles","Premium Biscuits & Crackers","Kettle Ridge Italian Style Balsamic Vinegar & Sea Salt Potato Chips","Kettle",3.00,6.00,3.00,50.0,True,"Half Price Specials","Pantry"
"COL222","Coles","Premium Biscuits & Crackers","Nestlé Milo Mackenzie Arnold Cereal","Nestlé",5.50,7.00,1.50,21.4,True,"Half Price Specials","Pantry"
"COL224","Coles","Premium Biscuits & Crackers","Heinz Peppa Pig Pasta Shapes in Tomato Sauce","Heinz",2.00,2.90,0.90,31.0,True,"Half Price Specials","Pantry"
"COL226","Coles","Premium Biscuits & Crackers","Mutti Sugo Pasta Sauce","Mutti",2.70,4.50,1.80,40.0,True,"Half Price Specials","Pantry"
"COL227","Coles","Premium Biscuits & Crackers","MasterFoods Smokey Barbecue Sauce or Aussie Farmers Tomato Sauce","MasterFoods",2.90,4.90,2.00,40.8,True,"Half Price Specials","Pantry"
"COL228","Coles","Premium Biscuits & Crackers","Betty Crocker Baking Mix","Betty Crocker",4.00,7.00,3.00,42.9,True,"Half Price Specials","Pantry"
"COL229","Coles","Premium Biscuits & Crackers","Sirena Tuna","Sirena",3.70,4.70,1.00,21.3,True,"Half Price Specials","Pantry"
"COL230","Coles","Premium Biscuits & Crackers","Passage To India Simmer Sauce","Passage To India",5.00,6.30,1.30,20.6,True,"Half Price Specials","Pantry"
"COL231","Coles","Premium Biscuits & Crackers","Heinz Seriously Good Aioli or Mayonnaise","Heinz",5.00,7.00,2.00,28.6,True,"Half Price Specials","Pantry"
"COL232","Coles","Premium Biscuits & Crackers","Maharajah's Choice Basmati Rice","Maharajah's Choice",12.00,23.00,0.00,47.8,True,"Half Price Specials","Pantry"
"COL233","Coles","Premium Biscuits & Crackers","Cobram Estate Extra Virgin Olive Oil","Cobram Estate",11.00,13.00,2.00,15.4,True,"Half Price Specials","Pantry"
"COL234","Coles","Premium Biscuits & Crackers","Alfa One Rice Bran Oil","Alfa One",13.00,17.65,4.65,26.3,True,"Half Price Specials","Pantry"
"WOL007","Woolworths","Premium Biscuits & Crackers","The Natural Chip Co. Potato Chips 175g","The",2.50,5.00,2.50,50.0,True,"HALF_PRICE","General"
"WOL018","Woolworths","Premium Biscuits & Crackers","Vege Chips 100g or Rice Crackers 75g – From the Health Food Aisle","Vege",2.45,4.90,2.45,50.0,True,"HALF_PRICE","General"
"WOL076","Woolworths","Premium Biscuits & Crackers","Ritz Crackers 227g","Ritz",1.75,3.50,1.75,50.0,True,"HALF_PRICE","General"
"WOL123","Woolworths","Premium Biscuits & Crackers","McCain Pub Style Chips or Wedges 750g","McCain",4.80,4.80,0.00,0.0,False,"REGULAR","General"
"WOL148","Woolworths","Premium Biscuits & Crackers","Mission Corn Chips 230g","Mission",4.00,4.00,0.00,0.0,False,"REGULAR","General"
"WOL294","Woolworths","Premium Biscuits & Crackers","Peckish Rice Crackers 90g","Peckish",1.85,1.85,0.00,0.0,False,"REGULAR","General"
"WOL325","Woolworths","Premium Biscuits & Crackers","Smith’s Oven Baked Crackers 160g","Smith’s",2.00,4.00,2.00,50.0,True,"HALF_PRICE","General"
"WOL326","Woolworths","Premium Biscuits & Crackers","Doritos Corn Chips Share Pack 150-170g","Doritos",2.50,5.00,2.50,50.0,True,"HALF_PRICE","General"
"COL007","Coles","Other","Farmers Union Greek Style or No Added Sugar Kids Yogurt Pouch","Farmers Union",1.25,2.50,1.25,50.0,True,"Half Price Specials","Dairy, Eggs & Meals"
"COL010","Coles","Other","Ferrero Rocher Diamond Gift Box","Ferrero",16.50,33.00,16.50,50.0,True,"Half Price Specials","Liquor"
"COL012","Coles","Other","Sorbent 3-Ply Soft & Strong Toilet Paper","Sorbent",7.00,14.00,7.00,50.0,True,"Half Price Specials","Household"
"COL013","Coles","Other","Huggies Ultra Dry Jumbo Nappies","Huggies",29.00,39.00,10.00,25.6,True,"Half Price Specials","Baby"
"COL014","Coles","Other","Huggies Baby Wipes","Huggies",8.40,14.00,5.60,40.0,True,"Half Price Specials","Baby"
"COL015","Coles","Other","Sabroso Mexican Lager Bottles","Sabroso",47.90,0.00,0.00,0.0,True,"Half Price Specials","Liquor"
"COL016","Coles","Other","-196 Double Lemon & Vodka Cans","-196",47.00,56.00,0.00,16.1,True,"Half Price Specials","Liquor"
"COL017","Coles","Other","Summerhouse Marlborough Sauvignon Blanc","Summerhouse",15.00,22.00,0.00,31.8,True,"Half Price Specials","Liquor"
"COL020","Coles","Other","Grenade High Protein Bar","Grenade",2.50,5.00,2.50,50.0,True,"Half Price Specials","Healthy Living"
"COL032","Coles","Other","Coles Finest Luxury Sticky Date & Butterscotch Pudding","Coles Finest",16.50,0.00,0.00,0.0,True,"Half Price Specials","Dairy, Eggs & Meals"
"COL041","Coles","Other","Black Swan Crafted Dip","Black Swan",4.20,5.00,0.00,16.0,True,"Half Price Specials","Dairy, Eggs & Meals"
"COL042","Coles","Other","Black Swan Favourites Dip","Black Swan",3.50,0.00,2.00,0.0,True,"Half Price Specials","Dairy, Eggs & Meals"
"COL045","Coles","Other","Tasmanian Heritage Cheese Wedge","Tasmanian Heritage",6.50,7.00,0.00,7.1,True,"Half Price Specials","Dairy, Eggs & Meals"
"COL046","Coles","Other","Little Entertainers Cheese","Little Entertainers",4.00,0.00,2.40,0.0,True,"Half Price Specials","Dairy, Eggs & Meals"
"COL058","Coles","Other","Hallmark Licensed Collectable Figure","Hallmark",10.00,0.00,0.00,0.0,True,"Half Price Specials","Stationery & Media"
"COL059","Coles","Other","Licensed Collectable Figure","Unknown",8.00,0.00,0.00,0.0,True,"Half Price Specials","Stationery & Media"
"COL060","Coles","Other","Christmas Countdown Calendar","Unknown",12.00,0.00,0.00,0.0,True,"Half Price Specials","Stationery & Media"
"COL061","Coles","Other","Snow Globe","Unknown",8.00,0.00,0.00,0.0,True,"Half Price Specials","Stationery & Media"
"COL062","Coles","Other","Fabric Garland","Unknown",10.00,0.00,0.00,0.0,True,"Half Price Specials","Stationery & Media"
"COL063","Coles","Other","Bauble Scented Candle","Unknown",14.00,0.00,0.00,0.0,True,"Half Price Specials","Stationery & Media"
"COL064","Coles","Other","Bluey 3D Orrnaments","Bluey",12.00,0.00,0.00,0.0,True,"Half Price Specials","Stationery & Media"
"COL065","Coles","Other","Gold Starburst Tree Topper Light","Unknown",7.00,0.00,0.00,0.0,True,"Half Price Specials","Stationery & Media"
"COL066","Coles","Other","Santa & Christmas Tree Decorations","Unknown",5.00,0.00,0.00,0.0,True,"Half Price Specials","Stationery & Media"
"COL067","Coles","Other","LED Spiral Tree Stakes Solar","Unknown",14.00,0.00,0.00,0.0,True,"Half Price Specials","Stationery & Media"
"COL068","Coles","Other","LED Battery String Wire Lights","Unknown",12.00,0.00,0.00,0.0,True,"Half Price Specials","Stationery & Media"
"COL069","Coles","Other","Whimsical Bauble or Luxury Bauble","Unknown",4.00,0.00,0.00,0.0,True,"Half Price Specials","Stationery & Media"
"COL070","Coles","Other","Gold Metal Stars","Unknown",9.00,0.00,0.00,0.0,True,"Half Price Specials","Stationery & Media"
"COL071","Coles","Other","Gold Baubles","Unknown",5.00,0.00,0.00,0.0,True,"Half Price Specials","Stationery & Media"
"COL073","Coles","Other","Ferrero Collection or Rocher Gift Box","Ferrero",9.50,19.00,9.50,50.0,True,"Half Price Specials","Liquor"
"COL081","Coles","Other","Coles Pavlova","Coles",8.00,9.20,0.00,13.0,True,"Half Price Specials","Dairy, Eggs & Meals"
"COL104","Coles","Other","Bonds Men's 1/4 Crew Socks","Bonds",8.00,16.00,8.00,50.0,True,"Half Price Specials","Clothing"
"COL105","Coles","Other","Bonds Men's Hipster Briefs","Bonds",16.00,32.00,16.00,50.0,True,"Half Price Specials","Clothing"
"COL106","Coles","Other","Sistema Klip It Plus Container","Sistema",1.95,3.90,1.95,50.0,True,"Half Price Specials","Household"
"COL107","Coles","Other","Sistema Klip It Plus Container","Sistema",3.20,6.40,3.20,50.0,True,"Half Price Specials","Household"
"COL108","Coles","Other","Décor Vent & Seal Leak Proof Glass Container","Décor",5.25,10.50,5.25,50.0,True,"Half Price Specials","Household"
"COL109","Coles","Other","Duracell Optimum Batteries AA or AAA","Duracell",11.50,23.00,11.50,50.0,True,"Half Price Specials","Household"
"COL110","Coles","Other","Flybuys 20x Points on Apple Gift Cards","Flybuys",0.00,0.00,0.00,0.0,True,"Half Price Specials","Stationery & Media"
"COL131","Coles","Other","Bref In The Bowl or Liquid Toilet Cleaner","Bref",3.50,7.00,3.50,50.0,True,"Half Price Specials","Household"
"COL132","Coles","Other","Glen 20 Disinfectant Spray","Glen 20",4.75,9.50,4.75,50.0,True,"Half Price Specials","Household"
"COL133","Coles","Other","Fluffy Concentrated Fabric Conditioner","Fluffy",4.75,9.50,4.75,50.0,True,"Half Price Specials","Household"
"COL134","Coles","Other","Biozet Attack Regular Laundry Liquid or Powder","Biozet",12.00,24.00,12.00,50.0,True,"Half Price Specials","Household"
"COL135","Coles","Other","Dynamo Professional Laundry Liquid","Dynamo",14.50,29.00,14.50,50.0,True,"Half Price Specials","Household"
"COL136","Coles","Other","Omo Laundry Liquid or Powder","Omo",15.00,30.00,15.00,50.0,True,"Half Price Specials","Household"
"COL137","Coles","Other","Morning Fresh Dishwashing Liquid","Morning Fresh",3.00,6.00,3.00,50.0,True,"Half Price Specials","Household"
"COL138","Coles","Other","Pine O Cleen Platinum Anti-Bacterial Laundry Sanitiser","Pine O Cleen",13.00,26.00,13.00,50.0,True,"Half Price Specials","Household"
"COL139","Coles","Other","Vanish NapiSan Gold Pro Turbo Stain Remover Powder","Vanish",18.00,36.00,18.00,50.0,True,"Half Price Specials","Household"
"COL140","Coles","Other","Coles Simply White Serviettes","Coles",1.89,0.00,0.00,0.0,True,"Half Price Specials","Household"
"COL141","Coles","Other","Coles Ultra 3-Ply Paper Towel","Coles",3.20,0.00,0.00,0.0,True,"Half Price Specials","Household"
"COL142","Coles","Other","Coles Simply Cling Wrap","Coles",1.50,0.00,0.00,0.0,True,"Half Price Specials","Household"
"COL143","Coles","Other","Coles Automatic Insect Control System & Refill","Coles",17.00,0.00,0.00,0.0,True,"Half Price Specials","Household"
"COL144","Coles","Other","Coles BBQ Trays","Coles",5.50,0.00,0.00,0.0,True,"Half Price Specials","Household"
"COL145","Coles","Other","Coles BBQ Briquettes","Coles",10.50,0.00,0.00,0.0,True,"Half Price Specials","Household"
"COL149","Coles","Other","Australian Blackberries","Coles",3.50,0.00,0.00,0.0,True,"Half Price Specials","Fruit & Vegetables"
"COL150","Coles","Other","Hass Avocados","Coles",1.50,0.00,0.00,0.0,True,"Half Price Specials","Fruit & Vegetables"
"COL151","Coles","Other","Coles Australian Green Asparagus Bunch","Coles",1.40,0.00,0.00,0.0,True,"Half Price Specials","Fruit & Vegetables"
"COL152","Coles","Other","Australian Iceberg Lettuce","Coles",2.90,0.00,0.00,0.0,True,"Half Price Specials","Fruit & Vegetables"
"COL153","Coles","Other","Australian Gold Nugget Mandarins","Coles",4.50,0.00,0.00,0.0,True,"Half Price Specials","Fruit & Vegetables"
"COL154","Coles","Other","Coles Australian Cherry Vine Ripe Tomatoes","Coles",2.90,0.00,0.00,0.0,True,"Half Price Specials","Fruit & Vegetables"
"COL155","Coles","Other","Coles Finest Fennel and Dukkah Salad Kit","Coles Finest",8.50,9.50,1.00,10.5,True,"Half Price Specials","Fruit & Vegetables"
"COL158","Coles","Other","Coles Australian Mini Tomatoes","Coles",3.00,0.00,0.00,0.0,True,"Half Price Specials","Fruit & Vegetables"
"COL166","Coles","Other","Coles Pre-Packed Antipasto","Coles",3.25,0.00,1.00,0.0,True,"Half Price Specials","Dairy, Eggs & Meals"
"COL206","Coles","Other","Darrell Lea Bullets or Choc Twists","Darrell Lea",4.50,6.00,1.50,25.0,True,"Half Price Specials","Liquor"
"COL235","Coles","Other","Western Star Butter","Western Star",4.70,5.20,0.00,9.6,True,"Half Price Specials","Dairy, Eggs & Meals"
"COL236","Coles","Other","Perfect Italiano Grated Cheese","Perfect Italiano",5.80,6.50,0.00,10.8,True,"Half Price Specials","Dairy, Eggs & Meals"
"COL237","Coles","Other","Cracker Barrel Cheese Block or Slices","Cracker Barrel",7.00,9.20,0.00,23.9,True,"Half Price Specials","Dairy, Eggs & Meals"
"COL239","Coles","Other","Philadelphia Cream Cheese Block","Philadelphia",4.50,5.70,1.20,21.1,True,"Half Price Specials","Dairy, Eggs & Meals"
"COL240","Coles","Other","Bega Cheese Lactose Free Slices or Grated","Bega",6.00,7.50,1.50,20.0,True,"Half Price Specials","Dairy, Eggs & Meals"
"COL241","Coles","Other","La Casa Del Formaggio Burrata","La Casa Del Formaggio",6.50,0.00,0.00,0.0,True,"Half Price Specials","Dairy, Eggs & Meals"
"COL242","Coles","Other","Bega Cheese Block or Grated","Bega",9.50,10.50,1.00,9.5,True,"Half Price Specials","Dairy, Eggs & Meals"
"COL243","Coles","Other","Bega Cheese Slices","Bega",10.00,11.00,1.00,9.1,True,"Half Price Specials","Dairy, Eggs & Meals"
"COL245","Coles","Other","MeadowLea Spread","MeadowLea",5.95,6.65,0.00,10.5,True,"Half Price Specials","Dairy, Eggs & Meals"
"COL254","Coles","Other","Vaalia Probiotics Kids Yoghurt Pouch","Vaalia",2.00,0.00,2.50,0.0,True,"Half Price Specials","Dairy, Eggs & Meals"
"COL255","Coles","Other","Dairy Farmers Thick & Creamy Yoghurt","Dairy Farmers",1.75,2.95,1.20,40.7,True,"Half Price Specials","Dairy, Eggs & Meals"
"COL256","Coles","Other","Vaalia Boost Yoghurt","Vaalia",1.95,2.80,0.85,30.4,True,"Half Price Specials","Dairy, Eggs & Meals"
"COL257","Coles","Other","Chobani Flip Yogurt","Chobani",2.80,4.00,1.20,30.0,True,"Half Price Specials","Dairy, Eggs & Meals"
"COL258","Coles","Other","Danone Activia No Added Sugar Probiotics Yoghurt","Danone",4.50,5.75,0.00,21.7,True,"Half Price Specials","Dairy, Eggs & Meals"
"COL259","Coles","Other","Gippsland Dairy Twist Yogurt","Gippsland Dairy",6.30,7.90,1.60,20.3,True,"Half Price Specials","Dairy, Eggs & Meals"
"COL261","Coles","Other","Yumi's Dip","Yumi's",3.50,4.50,1.00,22.2,True,"Half Price Specials","Dairy, Eggs & Meals"
"COL262","Coles","Other","Yumi's Hommus Dip","Yumi's",5.80,6.50,0.00,10.8,True,"Half Price Specials","Dairy, Eggs & Meals"
"COL264","Coles","Other","Flora Margarine","Flora",4.00,5.25,1.25,23.8,True,"Half Price Specials","Dairy, Eggs & Meals"
"COL265","Coles","Other","Devondale Spreadable Blend","Devondale",6.50,7.50,1.00,13.3,True,"Half Price Specials","Dairy, Eggs & Meals"
"COL266","Coles","Other","Mainland Cheese Block","Mainland",9.80,11.00,0.00,10.9,True,"Half Price Specials","Dairy, Eggs & Meals"
"COL267","Coles","Other","Western Star Gold Cultured Spreadable","Western Star",5.50,6.80,1.30,19.1,True,"Half Price Specials","Dairy, Eggs & Meals"
"COL300","Coles","Other","Huggies Little Swimmers","Huggies",12.50,17.00,4.50,26.5,True,"Half Price Specials","Baby"
"COL301","Coles","Other","Huggies Skin Protect Nappy Pants","Huggies",29.00,35.00,6.00,17.1,True,"Half Price Specials","Baby"
"COL302","Coles","Other","Huggies Pure & Sensitive Nappy Pants or Nappies","Huggies",29.00,35.00,6.00,17.1,True,"Half Price Specials","Baby"
"COL304","Coles","Other","Aptamil Gold+ Toddler Stage 3 or Junior Stage 4 Milk Drink","Aptamil",26.50,0.00,0.00,0.0,True,"Half Price Specials","Baby"
"COL305","Coles","Other","Bellamy's Organic Step 3 Milk Drink","Bellamy's Organic",29.70,33.00,3.30,10.0,True,"Half Price Specials","Baby"
"COL306","Coles","Other","Multix Non-Stick Baking Paper","Multix",6.00,12.00,6.00,50.0,True,"Half Price Specials","Household"
"COL307","Coles","Other","Fairy 5 Power Action Dishwashing Tablets","Fairy",23.00,46.00,23.00,50.0,True,"Half Price Specials","Household"
"COL308","Coles","Other","Mortein PowerGard DIY Indoor & Outdoor Surface Spray","Mortein",20.00,40.00,20.00,50.0,True,"Half Price Specials","Household"
"COL309","Coles","Other","Coles Ultra Antibacterial Multipurpose Biodegradable Wipes","Coles",4.45,0.00,0.00,0.0,True,"Half Price Specials","Household"
"COL310","Coles","Other","Coles Fast Knockdown Multi or Crawling Insect Killer","Coles",3.50,0.00,0.00,0.0,True,"Half Price Specials","Household"
"COL311","Coles","Other","Quilton 3-Ply Facial Tissues Aloe Vera or Extra Thick","Quilton",1.50,2.50,1.00,40.0,True,"Half Price Specials","Household"
"COL312","Coles","Other","Comfort Fabric Conditioner Fragrance Collection","Comfort",5.50,11.00,5.50,50.0,True,"Half Price Specials","Household"
"COL313","Coles","Other","Nature's Gift Meatballs Dog Food","Nature's Gift",4.50,6.50,2.00,30.8,True,"Half Price Specials","Pet"
"COL314","Coles","Other","Nature's Gift Dog Food","Nature's Gift",2.45,3.50,1.05,30.0,True,"Half Price Specials","Pet"
"COL315","Coles","Other","Nature's Gift Dry Dog Food","Nature's Gift",10.50,15.00,4.50,30.0,True,"Half Price Specials","Pet"
"COL316","Coles","Other","Dine Daily Cat Food","Dine",7.00,10.00,3.00,30.0,True,"Half Price Specials","Pet"
"COL317","Coles","Other","Schmackos Dog Treats","Schmackos",11.90,17.00,5.10,30.0,True,"Half Price Specials","Pet"
"COL318","Coles","Other","Felix Cat Food","Felix",10.00,14.50,4.50,31.0,True,"Half Price Specials","Pet"
"COL319","Coles","Other","Supercoat Dry Dog Food","Supercoat",12.50,18.00,5.50,30.6,True,"Half Price Specials","Pet"
"COL320","Coles","Other","Optus X-Start 5","Optus",49.00,79.00,30.00,38.0,True,"Half Price Specials","Stationery & Media"
"COL321","Coles","Other","Optus X-Value 5G","Optus",129.00,149.00,20.00,13.4,True,"Half Price Specials","Stationery & Media"
"COL322","Coles","Other","Optus X Pro 5G","Optus",139.00,169.00,30.00,17.8,True,"Half Price Specials","Stationery & Media"
"COL323","Coles","Other","Optus Portable Modem","Optus",79.00,99.00,20.00,20.2,True,"Half Price Specials","Stationery & Media"
"COL324","Coles","Other","Coles Mobile $220 Prepaid SIM","Coles Mobile",179.00,220.00,41.00,18.6,True,"Half Price Specials","Stationery & Media"
"COL325","Coles","Other","Dodo SIM & $23 Credit Pack","Dodo",10.00,23.00,13.00,56.5,True,"Half Price Specials","Stationery & Media"
"COL326","Coles","Other","Dodo SIM & $33 Credit Pack","Dodo",14.00,33.00,19.00,57.6,True,"Half Price Specials","Stationery & Media"
"COL327","Coles","Other","Balter Eazy Hazy Cans","Balter",17.00,20.50,0.00,17.1,True,"Half Price Specials","Liquor"
"COL328","Coles","Other","Asahi Super Dry Bottles","Asahi",21.00,23.00,0.00,8.7,True,"Half Price Specials","Liquor"
"COL329","Coles","Other","Hahn Ultra Zero Carb Bottles","Hahn",21.00,24.00,0.00,12.5,True,"Half Price Specials","Liquor"
"COL330","Coles","Other","Tinnies Hazy Pale Cans","Tinnies",37.90,40.90,0.00,7.3,True,"Half Price Specials","Liquor"
"COL331","Coles","Other","Ello Vodka Alcoholico Lemon Cans","Ello",20.00,26.00,0.00,23.1,True,"Half Price Specials","Liquor"
"COL332","Coles","Other","-196 Double Lemon Cans","-196",22.00,30.00,0.00,26.7,True,"Half Price Specials","Liquor"
"COL333","Coles","Other","Jack Daniels & Cola Cans","Jack Daniels",30.00,39.00,0.00,23.1,True,"Half Price Specials","Liquor"
"COL334","Coles","Other","Woodstock Bourbon & Cola Cans","Woodstock",57.00,64.00,0.00,10.9,True,"Half Price Specials","Liquor"
"COL335","Coles","Other","Skyy Vodka","Skyy",46.00,53.00,0.00,13.2,True,"Half Price Specials","Liquor"
"COL336","Coles","Other","Hendricks Gin","Hendricks",69.00,87.00,0.00,20.7,True,"Half Price Specials","Liquor"
"COL337","Coles","Other","Chivas Regal 12YO Scotch Whisky","Chivas Regal",58.00,70.00,0.00,17.1,True,"Half Price Specials","Liquor"
"COL338","Coles","Other","Wild Turkey 101 Kentucky Straight Bourbon Whiskey","Wild Turkey",72.00,82.00,0.00,12.2,True,"Half Price Specials","Liquor"
"COL339","Coles","Other","Brilla Prosecco","Brilla",17.00,23.00,0.00,26.1,True,"Half Price Specials","Liquor"
"COL340","Coles","Other","Pepperjack Pinot Noir","Pepperjack",20.00,25.00,0.00,20.0,True,"Half Price Specials","Liquor"
"COL341","Coles","Other","Abbey Vale Chardonnay","Abbey Vale",20.00,27.00,0.00,25.9,True,"Half Price Specials","Liquor"
"COL342","Coles","Other","Sisters Run Shiraz","Sisters Run",15.00,0.00,10.00,0.0,True,"Half Price Specials","Liquor"
"COL343","Coles","Other","Premium Tinsel","Unknown",3.00,0.00,0.00,0.0,True,"Half Price Specials","Stationery & Media"
"WOL002","Woolworths","Other","Finish Ultimate Dishwasher Tablets Pk 70","Finish",32.00,64.00,32.00,50.0,True,"HALF_PRICE","General"
"WOL005","Woolworths","Other","Four’N Twenty Angus Pies 700g Pk 4 – From the Freezer","Four’N",6.25,12.50,6.25,50.0,True,"HALF_PRICE","General"
"WOL006","Woolworths","Other","Life Savers 150-205g","Life",2.50,5.00,2.50,50.0,True,"HALF_PRICE","General"
"WOL009","Woolworths","Other","Scorched Bar 45g","Scorched",1.25,2.50,1.25,50.0,True,"HALF_PRICE","General"
"WOL010","Woolworths","Other","Golden Circle Fruit Drink 1 Litre","Golden",1.35,2.70,1.35,50.0,True,"HALF_PRICE","General"
"WOL012","Woolworths","Other","Lipton Iced Tea 1.5 Litre","Lipton",2.75,5.50,2.75,50.0,True,"HALF_PRICE","General"
"WOL013","Woolworths","Other","Skittles 120-200g","Skittles",3.00,6.00,3.00,50.0,True,"HALF_PRICE","General"
"WOL014","Woolworths","Other","Dairy Farmers Thick & Creamy Yoghurt 140-150g – From the Fridge","Dairy",1.45,2.95,1.50,50.8,True,"HALF_PRICE","General"
"WOL019","Woolworths","Other","Old El Paso Street Market Taco Kits 255-257g","Old",3.25,6.50,3.25,50.0,True,"HALF_PRICE","General"
"WOL020","Woolworths","Other","Leggo’s Fresh Filled Pasta Varieties 630g – From the Fridge","Leggo’s",5.50,11.00,5.50,50.0,True,"HALF_PRICE","General"
"WOL021","Woolworths","Other","Woolworths Spring Water Bottles 24 x 600ml","Woolworths",8.00,8.00,0.00,0.0,False,"REGULAR","General"
"WOL022","Woolworths","Other","Kirks Soft Drink Varieties 1.25 Litre","Kirks",1.70,1.70,0.00,0.0,False,"REGULAR","General"
"WOL023","Woolworths","Other","Powerade Drink Flo Cap or Active Water 600ml","Powerade",2.20,4.40,2.20,50.0,True,"HALF_PRICE","General"
"WOL024","Woolworths","Other","Schweppes Soft Drink, Mineral Water or Mixer Varieties 4 x 300ml","Schweppes",3.75,7.50,3.75,50.0,True,"HALF_PRICE","General"
"WOL025","Woolworths","Other","Bickford’s Cordial 750ml","Bickford’s",4.40,4.40,0.00,0.0,False,"REGULAR","General"
"WOL028","Woolworths","Other","Muscle Nation Protein Custard Bars 60g~","Muscle",2.25,4.50,2.25,50.0,True,"HALF_PRICE","General"
"WOL029","Woolworths","Other","Muscle Nation High Protein Bars 70g~","Muscle",2.75,5.50,2.75,50.0,True,"HALF_PRICE","General"
"WOL030","Woolworths","Other","Muscle Nation Cheesecake Protein Bars 50g~","Muscle",2.25,4.50,2.25,50.0,True,"HALF_PRICE","General"
"WOL031","Woolworths","Other","The Man Bar or The Lady Bar 50g~","The",2.25,4.50,2.25,50.0,True,"HALF_PRICE","General"
"WOL032","Woolworths","Other","Muscle Nation Protein Cups 50g~","Muscle",2.50,5.00,2.50,50.0,True,"HALF_PRICE","General"
"WOL033","Woolworths","Other","SUP Gummies Pk 28-45~","SUP",13.50,27.00,13.50,50.0,True,"HALF_PRICE","General"
"WOL034","Woolworths","Other","Fat Blaster Weight Loss Shake 465g~","Fat",14.00,28.00,14.00,50.0,True,"HALF_PRICE","General"
"WOL035","Woolworths","Other","Nature’s Way Protein Powder 400g~","Nature’s",14.00,28.00,14.00,50.0,True,"HALF_PRICE","General"
"WOL036","Woolworths","Other","Keep It Cleaner Daily Boost Protein Powder 340g~","Keep",16.50,33.00,16.50,50.0,True,"HALF_PRICE","General"
"WOL037","Woolworths","Other","Caltrate Bone & Muscle With Calcium & Vitamin D3 Tablets Pk 100^","Caltrate",10.50,21.00,10.50,50.0,True,"HALF_PRICE","General"
"WOL038","Woolworths","Other","Nature’s Way Vita Gummies Men’s or Women’s Multivitamin Pk 100^","Nature’s",14.00,28.00,14.00,50.0,True,"HALF_PRICE","General"
"WOL039","Woolworths","Other","Nature’s Way Vita Gummies Vitamin C Pk 120^","Nature’s",14.00,28.00,14.00,50.0,True,"HALF_PRICE","General"
"WOL040","Woolworths","Other","Nature’s Way Vita Gummies Magnesium Pk 80^","Nature’s",14.00,28.00,14.00,50.0,True,"HALF_PRICE","General"
"WOL041","Woolworths","Other","Nature’s Way Vita Gummies Multivitamin Pk 120^","Nature’s",14.00,28.00,14.00,50.0,True,"HALF_PRICE","General"
"WOL042","Woolworths","Other","Nature’s Way Kids Smart Vita Gummies Multivitamin for Fussy Eaters Pk 120^","Nature’s",16.00,32.00,16.00,50.0,True,"HALF_PRICE","General"
"WOL043","Woolworths","Other","Ostelin Calcium & Vitamin D3 Tablets or Vitamin D3 1000IU Capsules Pk 130^","Ostelin",14.25,28.50,14.25,50.0,True,"HALF_PRICE","General"
"WOL044","Woolworths","Other","Nature’s Way Concentrated Omega + D3 Mini Capsules Pk 100^","Nature’s",15.00,30.00,15.00,50.0,True,"HALF_PRICE","General"
"WOL045","Woolworths","Other","Nature’s Way Kids Smart Vita-Gummies Multivitamin Plus Pk 120^","Nature’s",16.00,32.00,16.00,50.0,True,"HALF_PRICE","General"
"WOL046","Woolworths","Other","Nature’s Way Magnesium Glycinate Tablets Pk 130^","Nature’s",22.00,44.00,22.00,50.0,True,"HALF_PRICE","General"
"WOL047","Woolworths","Other","Nature’s Way Restore Probiotic Capsules Pk 90^","Nature’s",26.50,53.00,26.50,50.0,True,"HALF_PRICE","General"
"WOL048","Woolworths","Other","Nature’s Way Beauty Collagen Tablets Pk 120^","Nature’s",27.00,54.00,27.00,50.0,True,"HALF_PRICE","General"
"WOL049","Woolworths","Other","Centrum Women 50+ Daily Multivitamin Tablets Pk 60^","Centrum",11.25,22.50,11.25,50.0,True,"HALF_PRICE","General"
"WOL050","Woolworths","Other","Centrum Advance 50+ Multivitamin Tablets Pk 120^","Centrum",13.50,27.00,13.50,50.0,True,"HALF_PRICE","General"
"WOL051","Woolworths","Other","Centrum Advance Daily Multivitamin Tablets Pk 120^","Centrum",13.50,27.00,13.50,50.0,True,"HALF_PRICE","General"
"WOL052","Woolworths","Other","Swisse Ultiboost Magnesium Glycinate Tablets Pk 60^","Swisse",14.75,29.50,14.75,50.0,True,"HALF_PRICE","General"
"WOL053","Woolworths","Other","Swisse Ultiboost Magnesium, Calcium + D3 Tablets Pk 120^","Swisse",14.75,29.50,14.75,50.0,True,"HALF_PRICE","General"
"WOL054","Woolworths","Other","Swisse Ultiboost Magnesium Tablets Pk 120^","Swisse",19.75,39.50,19.75,50.0,True,"HALF_PRICE","General"
"WOL055","Woolworths","Other","Swisse Ultiboost Liver Detox Tablets Pk 60^","Swisse",12.50,25.00,12.50,50.0,True,"HALF_PRICE","General"
"WOL056","Woolworths","Other","Swisse Ultivite Men’s Multivitamin Tablets Pk 60^","Swisse",19.75,39.50,19.75,50.0,True,"HALF_PRICE","General"
"WOL057","Woolworths","Other","Swisse Ultivite Women’s Multivitamin Tablets Pk 60^","Swisse",19.75,39.50,19.75,50.0,True,"HALF_PRICE","General"
"WOL067","Woolworths","Other","Garnier Fructis Hair Food 390ml","Garnier",7.50,15.00,7.50,50.0,True,"HALF_PRICE","General"
"WOL068","Woolworths","Other","Lady Jayne Detangler Brush","Lady",9.00,18.00,9.00,50.0,True,"HALF_PRICE","General"
"WOL070","Woolworths","Other","Garnier Olia Permanent Hair Colour","Garnier",11.00,22.00,11.00,50.0,True,"HALF_PRICE","General"
"WOL071","Woolworths","Other","Thanks to Nature 8-In-1 Leave In Wonder Treatment 150ml","Thanks",12.00,24.00,12.00,50.0,True,"HALF_PRICE","General"
"WOL072","Woolworths","Other","Slick Hair Wand 10ml or Wax Stick 50g","Slick",12.50,25.00,12.50,50.0,True,"HALF_PRICE","General"
"WOL073","Woolworths","Other","Schwarzkopf Brilliance Permanent Hair Colour","Schwarzkopf",13.00,26.00,13.00,50.0,True,"HALF_PRICE","General"
"WOL074","Woolworths","Other","L’Oréal Excellence Creme Permanent Hair Colour","L’Oréal",13.50,27.00,13.50,50.0,True,"HALF_PRICE","General"
"WOL075","Woolworths","Other","Clairol Colour Strong Permanent Hair Colour","Clairol",15.00,30.00,15.00,50.0,True,"HALF_PRICE","General"
"WOL079","Woolworths","Other","Huggies Ultra Dry Nappy Pants Pk 24-36","Huggies",13.00,13.00,0.00,0.0,False,"REGULAR","General"
"WOL081","Woolworths","Other","Finish Ultimate Plus Dishwasher Tablets Pk 82","Finish",39.00,78.00,39.00,50.0,True,"HALF_PRICE","General"
"WOL086","Woolworths","Other","Australian Fresh Saltwater Barramundi Fillets Skin On","Australian",26.00,26.00,0.00,0.0,False,"REGULAR","General"
"WOL089","Woolworths","Other","Mission Mini Wrap Varieties 384g Pk 8","Mission",2.75,5.50,2.75,50.0,True,"HALF_PRICE","General"
"WOL091","Woolworths","Other","Leggo’s Fresh Pasta Sauce Varieties 450g – From the Fridge","Leggo’s",5.00,5.00,0.00,0.0,False,"REGULAR","General"
"WOL093","Woolworths","Other","Don Premium Smokehouse Leg Ham – Sliced or Shaved – From the Deli","Don",28.00,28.00,0.00,0.0,False,"REGULAR","General"
"WOL095","Woolworths","Other","Farmers Union Greek Style High Protein Yogurt Pouch 150g","Farmers",1.90,1.90,0.00,0.0,False,"REGULAR","General"
"WOL096","Woolworths","Other","YoPRO Perform Yoghurt Pots 175g","YoPRO",2.20,2.20,0.00,0.0,False,"REGULAR","General"
"WOL097","Woolworths","Other","Farmers Union Gut Good Yogurt 160g","Farmers",1.85,1.85,0.00,0.0,False,"REGULAR","General"
"WOL098","Woolworths","Other","Gippsland Dairy Twist Yogurt 160g","Gippsland",2.40,2.40,0.00,0.0,False,"REGULAR","General"
"WOL099","Woolworths","Other","Gippsland Mix-Ins Yogurt 140g","Gippsland",2.90,2.90,0.00,0.0,False,"REGULAR","General"
"WOL100","Woolworths","Other","Meredith Dairy Goats Cheese 80g – From the Deli","Meredith",4.50,4.50,0.00,0.0,False,"REGULAR","General"
"WOL102","Woolworths","Other","Cheer Cheese Slices 500g","Cheer",9.50,9.50,0.00,0.0,False,"REGULAR","General"
"WOL103","Woolworths","Other","Farmers Union Greek Style All Natural Yogurt 2 kg","Farmers",12.50,12.50,0.00,0.0,False,"REGULAR","General"
"WOL104","Woolworths","Other","Bega Cheese Block 750g","Bega",13.50,13.50,0.00,0.0,False,"REGULAR","General"
"WOL105","Woolworths","Other","Oak Flavoured Milk 600ml – From the Fridge","Oak",3.20,3.20,0.00,0.0,False,"REGULAR","General"
"WOL110","Woolworths","Other","Nudie Gold Nothing But Carrot, Ginger And More 2 Litre – From the Fridge","Nudie",8.00,8.00,0.00,0.0,False,"REGULAR","General"
"WOL111","Woolworths","Other","Flora ProActiv 750g – From the Fridge","Flora",10.80,10.80,0.00,0.0,False,"REGULAR","General"
"WOL112","Woolworths","Other","Danone Activia Probiotic Yoghurt 4 x 125g – From the Fridge","Danone",4.50,4.50,0.00,0.0,False,"REGULAR","General"
"WOL113","Woolworths","Other","Western Star Spreadable 500g – From the Fridge","Western",6.70,6.70,0.00,0.0,False,"REGULAR","General"
"WOL114","Woolworths","Other","Twisted Minis Frozen Yoghurt 480ml Pk 4","Twisted",5.95,5.95,0.00,0.0,False,"REGULAR","General"
"WOL115","Woolworths","Other","bubbleme Boba-T Frozen Dessert 320g Pk 4","bubbleme",7.80,7.80,0.00,0.0,False,"REGULAR","General"
"WOL118","Woolworths","Other","Denada Choc Pops 360ml Pk 4","Denada",10.50,10.50,0.00,0.0,False,"REGULAR","General"
"WOL120","Woolworths","Other","Golden Wok Diana Chan Dumplings 230g","Golden",4.25,8.50,4.25,50.0,True,"HALF_PRICE","General"
"WOL121","Woolworths","Other","Dr. Oetker Ristorante Pizza 310-390g – Excludes Dr. Oetker Gluten Free Pizza 370g","Dr.",7.00,7.00,0.00,0.0,False,"REGULAR","General"
"WOL122","Woolworths","Other","Lean Cuisine Meals 280g","Lean",4.50,4.50,0.00,0.0,False,"REGULAR","General"
"WOL124","Woolworths","Other","McCain Pub Size Meals 480-500g","McCain",7.50,7.50,0.00,0.0,False,"REGULAR","General"
"WOL126","Woolworths","Other","Patties Party Pies or Sausage Rolls 450-560g Pk 12","Patties",7.70,7.70,0.00,0.0,False,"REGULAR","General"
"WOL128","Woolworths","Other","Ruffie, On The Menu or Lean Cuisine Bowl Meals 350g","Ruffie,",6.50,6.50,0.00,0.0,False,"REGULAR","General"
"WOL132","Woolworths","Other","Oatly! Oat Milk 1 Litre – Excludes Oatly! Flavoured and Barista Oat Milk 1 Litre","Oatly!",3.00,3.00,0.00,0.0,False,"REGULAR","General"
"WOL135","Woolworths","Other","Liddells Lactose Free Full Cream Milk 1 Litre","Liddells",2.70,2.70,0.00,0.0,False,"REGULAR","General"
"WOL136","Woolworths","Other","Bundaberg Ginger Beer 750ml","Bundaberg",2.95,2.95,0.00,0.0,False,"REGULAR","General"
"WOL137","Woolworths","Other","Remedy Sodaly 4 x 250ml","Remedy",5.90,5.90,0.00,0.0,False,"REGULAR","General"
"WOL138","Woolworths","Other","Remedy Kombucha 1.25 Litre","Remedy",5.95,5.95,0.00,0.0,False,"REGULAR","General"
"WOL140","Woolworths","Other","Uncle Toby’s Muesli Bars 145g-185g Pk 5-6 or Roll Ups 94g Pk 6","Uncle",4.00,4.00,0.00,0.0,False,"REGULAR","General"
"WOL141","Woolworths","Other","Cobram Estate Extra Virgin Olive Oil 750ml","Cobram",15.00,15.00,0.00,0.0,False,"REGULAR","General"
"WOL142","Woolworths","Other","Heinz Baked Beans or Spaghetti 535-555g","Heinz",2.50,2.50,0.00,0.0,False,"REGULAR","General"
"WOL143","Woolworths","Other","Barilla Pasta 500g","Barilla",2.80,2.80,0.00,0.0,False,"REGULAR","General"
"WOL144","Woolworths","Other","Barilla Pasta Sauce 400g","Barilla",3.90,3.90,0.00,0.0,False,"REGULAR","General"
"WOL145","Woolworths","Other","St Dalfour Spreads 284g","St",4.30,4.30,0.00,0.0,False,"REGULAR","General"
"WOL146","Woolworths","Other","Duo Penotti Spread 350g","Duo",4.50,4.50,0.00,0.0,False,"REGULAR","General"
"WOL147","Woolworths","Other","Maggi Gravy 1 kg","Maggi",12.50,12.50,0.00,0.0,False,"REGULAR","General"
"WOL149","Woolworths","Other","Old El Paso Family Size Kits 495-1040g","Old",10.80,10.80,0.00,0.0,False,"REGULAR","General"
"WOL150","Woolworths","Other","Range was $12.00","Range",19.90,19.90,0.00,0.0,False,"REGULAR","General"
"WOL151","Woolworths","Other","White King Toilet Gel Stain Remover 700ml","White",3.10,6.20,3.10,50.0,True,"HALF_PRICE","General"
"WOL152","Woolworths","Other","Ajax Professional Mould Remover Trigger 500ml","Ajax",3.50,7.00,3.50,50.0,True,"HALF_PRICE","General"
"WOL153","Woolworths","Other","Morning Fresh Dishwashing Liquid 900ml","Morning",5.00,10.00,5.00,50.0,True,"HALF_PRICE","General"
"WOL154","Woolworths","Other","Bref Power Active or Spa Moments Toilet Rim Block 50g x Pk 2","Bref",5.50,11.00,5.50,50.0,True,"HALF_PRICE","General"
"WOL155","Woolworths","Other","Cold Power Laundry Capsules Pk 29","Cold",13.00,26.00,13.00,50.0,True,"HALF_PRICE","General"
"WOL156","Woolworths","Other","Biozet Attack Plus Laundry Liquid 2 Litre or Powder 2 kg","Biozet",13.00,26.00,13.00,50.0,True,"HALF_PRICE","General"
"WOL157","Woolworths","Other","OMO Ultimate Laundry Liquid 2 Litre or Powder 2 kg","OMO",18.00,36.00,18.00,50.0,True,"HALF_PRICE","General"
"WOL158","Woolworths","Other","Vanish Gold Pro Turbo Stain Remover Powder 2 kg","Vanish",18.00,36.00,18.00,50.0,True,"HALF_PRICE","General"
"WOL159","Woolworths","Other","Decor Tellfresh Oblong Container 900ml","Decor",2.75,5.50,2.75,50.0,True,"HALF_PRICE","General"
"WOL160","Woolworths","Other","Decor Fresh Seal Clips Oblong Container 1 Litre","Decor",3.25,6.50,3.25,50.0,True,"HALF_PRICE","General"
"WOL161","Woolworths","Other","Decor Tellfresh Oblong Container 500ml Pk 3","Decor",5.50,11.00,5.50,50.0,True,"HALF_PRICE","General"
"WOL162","Woolworths","Other","Decor Vent & Seal Glass Oblong Container 600ml","Decor",5.40,10.80,5.40,50.0,True,"HALF_PRICE","General"
"WOL163","Woolworths","Other","Quantum Alkaline Batteries AA or AAA Pk 10","Quantum",6.25,12.50,6.25,50.0,True,"HALF_PRICE","General"
"WOL164","Woolworths","Other","Product List","Product",2.35,4.70,2.35,50.0,True,"HALF_PRICE","General"
"WOL165","Woolworths","Other","Tontine Sweet Dreams Easy Wash Medium Pillows Pk 2","Tontine",16.00,32.00,16.00,50.0,True,"HALF_PRICE","General"
"WOL166","Woolworths","Other","Sellotape Sticky Dispenser 18 x 25 or Tape Rolls 18mm x 25m Pk 2","Sellotape",3.15,3.15,0.00,0.0,False,"REGULAR","General"
"WOL167","Woolworths","Other","Sabco SupaDry Spin Mop Bucket Set","Sabco",39.00,39.00,0.00,0.0,False,"REGULAR","General"
"WOL168","Woolworths","Other","Wiltshire Rectangular Collapsible Silicone Air Fryer Pan","Wiltshire",8.40,8.40,0.00,0.0,False,"REGULAR","General"
"WOL170","Woolworths","Other","Dove Body Wash 1 Litre","Dove",9.50,19.00,9.50,50.0,True,"HALF_PRICE","General"
"WOL172","Woolworths","Other","The Fox Tan Rapid Banana Whip 200ml","The",15.00,15.00,0.00,0.0,False,"REGULAR","General"
"WOL173","Woolworths","Other","Bondi Sands 1 Hour Express Aero Tan 225ml","Bondi",16.20,16.20,0.00,0.0,False,"REGULAR","General"
"WOL174","Woolworths","Other","Bali Body Ultra Dark Self Tan Mousse 200ml","Bali",19.80,19.80,0.00,0.0,False,"REGULAR","General"
"WOL175","Woolworths","Other","Curash Baby Wipes Pk 3 x 80","Curash",7.00,14.00,7.00,50.0,True,"HALF_PRICE","General"
"WOL176","Woolworths","Other","QV Baby Gentle Wash 500g","QV",12.30,12.30,0.00,0.0,False,"REGULAR","General"
"WOL177","Woolworths","Other","Huggies Baby Wipes Pk 72-80","Huggies",3.50,3.50,0.00,0.0,False,"REGULAR","General"
"WOL178","Woolworths","Other","Bonds Zippy Wondersuit Assorted Pk 1","Bonds",15.60,15.60,0.00,0.0,False,"REGULAR","General"
"WOL179","Woolworths","Other","Nestle NAN Supremepro Baby Formula Stage 3 or 4 800g","Nestle",24.00,24.00,0.00,0.0,False,"REGULAR","General"
"WOL180","Woolworths","Other","Palmolive Foaming Hand Wash 250ml","Palmolive",2.00,4.00,2.00,50.0,True,"HALF_PRICE","General"
"WOL181","Woolworths","Other","Hydralyte Effervescent Electrolyte Pk 10~","Hydralyte",4.35,8.70,4.35,50.0,True,"HALF_PRICE","General"
"WOL184","Woolworths","Other","St Ives Blemish Control Apricot Scrub 150ml","St",5.75,11.50,5.75,50.0,True,"HALF_PRICE","General"
"WOL186","Woolworths","Other","Freshwater Farm Body Bar 200g","Freshwater",2.85,2.85,0.00,0.0,False,"REGULAR","General"
"WOL187","Woolworths","Other","U by Kotex Ultra Thin Pads Pk 8-14 or U by Kotex Maxi Pads Pk 6-16","U",3.90,3.90,0.00,0.0,False,"REGULAR","General"
"WOL188","Woolworths","Other","Maybelline Lash Sensational Sky High Mascara 7.2ml","Maybelline",16.80,16.80,0.00,0.0,False,"REGULAR","General"
"WOL189","Woolworths","Other","Dermaveen Intensive Moisturising Lotion 1 Litre","Dermaveen",18.00,18.00,0.00,0.0,False,"REGULAR","General"
"WOL190","Woolworths","Other","Smitten Wet Cat Food 400g","Smitten",1.60,1.60,0.00,0.0,False,"REGULAR","General"
"WOL191","Woolworths","Other","Baxter’s Wet Dog Food 700g","Baxter’s",2.50,2.50,0.00,0.0,False,"REGULAR","General"
"WOL192","Woolworths","Other","Smitten Wet Cat Food Pk 12 x 85g","Smitten",5.50,5.50,0.00,0.0,False,"REGULAR","General"
"WOL193","Woolworths","Other","Baxter’s Wet Dog Food 1.2 kg","Baxter’s",3.20,3.20,0.00,0.0,False,"REGULAR","General"
"WOL194","Woolworths","Other","Friskies Dry Cat Food 2.5 kg","Friskies",13.90,13.90,0.00,0.0,False,"REGULAR","General"
"WOL195","Woolworths","Other","Pedigree Dry Dog Food 8 kg","Pedigree",24.50,24.50,0.00,0.0,False,"REGULAR","General"
"WOL196","Woolworths","Other","Fancy Feast Dry Cat Food 1.4 kg","Fancy",19.00,19.00,0.00,0.0,False,"REGULAR","General"
"WOL197","Woolworths","Other","Supercoat Dry Dog Food 6.7-7 kg","Supercoat",27.00,27.00,0.00,0.0,False,"REGULAR","General"
"WOL198","Woolworths","Other","Gourmet Delight Wet Cat Food Pk 12 x 80g","Gourmet",7.20,7.20,0.00,0.0,False,"REGULAR","General"
"WOL199","Woolworths","Other","Farmers Market Dry Dog Food 6.8 kg","Farmers",24.00,24.00,0.00,0.0,False,"REGULAR","General"
"WOL200","Woolworths","Other","Delectables Lickable Cat Treats 40g","Delectables",1.40,1.40,0.00,0.0,False,"REGULAR","General"
"WOL201","Woolworths","Other","Vitapet Dog Treats 80-100g","Vitapet",4.00,4.00,0.00,0.0,False,"REGULAR","General"
"WOL202","Woolworths","Other","Tilly Wet Cat Food 80g","Tilly",1.60,1.60,0.00,0.0,False,"REGULAR","General"
"WOL203","Woolworths","Other","Prime Pantry Dog Roll 1.7 kg – From The Pet Food Chiller","Prime",10.00,10.00,0.00,0.0,False,"REGULAR","General"
"WOL204","Woolworths","Other","Felix Party Mix Cat Treats 50-60g","Felix",1.75,3.50,1.75,50.0,True,"HALF_PRICE","General"
"WOL205","Woolworths","Other","Pedigree Dentastix Dog Treats Pk 28","Pedigree",16.80,16.80,0.00,0.0,False,"REGULAR","General"
"WOL206","Woolworths","Other","Mums & Bubs Pink Swan","Mums",20.00,20.00,0.00,0.0,False,"REGULAR","General"
"WOL207","Woolworths","Other","Mums & Bubs Dog","Mums",20.00,20.00,0.00,0.0,False,"REGULAR","General"
"WOL208","Woolworths","Other","Dinosaur T-Rex","Dinosaur",16.00,16.00,0.00,0.0,False,"REGULAR","General"
"WOL209","Woolworths","Other","Mums & Bubs Pegasus","Mums",20.00,20.00,0.00,0.0,False,"REGULAR","General"
"WOL210","Woolworths","Other","Green Dragon","Green",16.00,16.00,0.00,0.0,False,"REGULAR","General"
"WOL211","Woolworths","Other","Insect Capture 3 Piece Set","Insect",6.00,6.00,0.00,0.0,False,"REGULAR","General"
"WOL212","Woolworths","Other","Travelling Game – Assorted","Travelling",8.00,8.00,0.00,0.0,False,"REGULAR","General"
"WOL213","Woolworths","Other","Stretch Squad Dinosaur Single Figure","Stretch",9.00,9.00,0.00,0.0,False,"REGULAR","General"
"WOL214","Woolworths","Other","Unicorn Family Set Pk 3","Unicorn",12.00,12.00,0.00,0.0,False,"REGULAR","General"
"WOL215","Woolworths","Other","Food Truck Play Dough Set","Food",20.00,20.00,0.00,0.0,False,"REGULAR","General"
"WOL216","Woolworths","Other","Kool Speed Light Racer","Kool",24.00,24.00,0.00,0.0,False,"REGULAR","General"
"WOL217","Woolworths","Other","Christmas Dough Advent Calendar","Christmas",24.00,24.00,0.00,0.0,False,"REGULAR","General"
"WOL219","Woolworths","Other","M.A.R.S Converters Pk 2","M.A.R.S",32.00,32.00,0.00,0.0,False,"REGULAR","General"
"WOL220","Woolworths","Other","X Shot Turbo Fire","X",32.00,32.00,0.00,0.0,False,"REGULAR","General"
"WOL221","Woolworths","Other","Baby Dreami New Born Deluxe Set","Baby",35.00,35.00,0.00,0.0,False,"REGULAR","General"
"WOL222","Woolworths","Other","Rally Hurricane","Rally",44.00,44.00,0.00,0.0,False,"REGULAR","General"
"WOL223","Woolworths","Other","Christmas Elves Behaving Badly - Assorted","Christmas",8.00,8.00,0.00,0.0,False,"REGULAR","General"
"WOL224","Woolworths","Other","Christmas Costumes - Assorted","Christmas",6.00,6.00,0.00,0.0,False,"REGULAR","General"
"WOL225","Woolworths","Other","Christmas Elves Behaving Badly Large Elf","Christmas",16.00,16.00,0.00,0.0,False,"REGULAR","General"
"WOL226","Woolworths","Other","Christmas Animated Plush Avocado","Christmas",26.00,26.00,0.00,0.0,False,"REGULAR","General"
"WOL227","Woolworths","Other","Christmas Squishy Plush Koala","Christmas",8.00,8.00,0.00,0.0,False,"REGULAR","General"
"WOL228","Woolworths","Other","Christmas Plush Santa","Christmas",12.50,12.50,0.00,0.0,False,"REGULAR","General"
"WOL229","Woolworths","Other","Christmas Squishy Plush T-Rex","Christmas",8.00,8.00,0.00,0.0,False,"REGULAR","General"
"WOL230","Woolworths","Other","Christmas Novelty Glasses - Assorted","Christmas",5.00,5.00,0.00,0.0,False,"REGULAR","General"
"WOL231","Woolworths","Other","Traditional Mud Cake Christmas Ornament","Traditional",5.00,5.00,0.00,0.0,False,"REGULAR","General"
"WOL232","Woolworths","Other","Chern’ee Sutton Melamine Plate- Assorted","Chern’ee",6.00,6.00,0.00,0.0,False,"REGULAR","General"
"WOL233","Woolworths","Other","Chern’ee Sutton Bauble - Assorted","Chern’ee",8.00,8.00,0.00,0.0,False,"REGULAR","General"
"WOL234","Woolworths","Other","Chern’ee Sutton Tea Towel Pk 2 - Assorted","Chern’ee",12.00,12.00,0.00,0.0,False,"REGULAR","General"
"WOL235","Woolworths","Other","Chern’ee Sutton Tumbler - Assorted","Chern’ee",3.00,3.00,0.00,0.0,False,"REGULAR","General"
"WOL236","Woolworths","Other","Christmas Activity Book","Christmas",3.50,3.50,0.00,0.0,False,"REGULAR","General"
"WOL237","Woolworths","Other","Christmas DIY Suncatcher","Christmas",4.50,4.50,0.00,0.0,False,"REGULAR","General"
"WOL238","Woolworths","Other","Christmas DIY Paint Your Own Plaster Pk 2","Christmas",8.00,8.00,0.00,0.0,False,"REGULAR","General"
"WOL239","Woolworths","Other","Christmas Glass Jar – Assorted","Christmas",8.00,8.00,0.00,0.0,False,"REGULAR","General"
"WOL240","Woolworths","Other","Christmas Serving Bowl","Christmas",6.00,6.00,0.00,0.0,False,"REGULAR","General"
"WOL241","Woolworths","Other","Christmas Wine Glass Candy Cane","Christmas",6.00,6.00,0.00,0.0,False,"REGULAR","General"
"WOL242","Woolworths","Other","Christmas Serving Platter","Christmas",6.00,6.00,0.00,0.0,False,"REGULAR","General"
"WOL243","Woolworths","Other","Christmas Shaped Serving Plate – Assorted","Christmas",14.00,14.00,0.00,0.0,False,"REGULAR","General"
"WOL244","Woolworths","Other","Christmas Wine Glass – Assorted","Christmas",6.00,6.00,0.00,0.0,False,"REGULAR","General"
"WOL245","Woolworths","Other","Christmas Bon Bons Festive Traditional Pk 10","Christmas",6.00,6.00,0.00,0.0,False,"REGULAR","General"
"WOL246","Woolworths","Other","Christmas Fabric Table Runner – Assorted","Christmas",12.00,12.00,0.00,0.0,False,"REGULAR","General"
"WOL247","Woolworths","Other","Christmas Traditional Plates Pk 8","Christmas",3.00,3.00,0.00,0.0,False,"REGULAR","General"
"WOL248","Woolworths","Other","Christmas Traditional Napkins Pk 25","Christmas",3.00,3.00,0.00,0.0,False,"REGULAR","General"
"WOL249","Woolworths","Other","Christmas Jacquard Tablecloth 150 x 200cm – Assorted","Christmas",18.00,18.00,0.00,0.0,False,"REGULAR","General"
"WOL250","Woolworths","Other","Christmas Curtain Lights Solar Pk 10","Christmas",22.00,22.00,0.00,0.0,False,"REGULAR","General"
"WOL251","Woolworths","Other","Christmas Solar Candycane Stake","Christmas",5.00,5.00,0.00,0.0,False,"REGULAR","General"
"WOL252","Woolworths","Other","Christmas Solar Tree Stake","Christmas",5.00,5.00,0.00,0.0,False,"REGULAR","General"
"WOL253","Woolworths","Other","Christmas Solar Basic Cap Tree Lights Pk 30","Christmas",12.50,12.50,0.00,0.0,False,"REGULAR","General"
"WOL254","Woolworths","Other","Christmas Solar Stake Sign","Christmas",16.00,16.00,0.00,0.0,False,"REGULAR","General"
"WOL255","Woolworths","Other","Christmas Solar Fairy Lights Multi Colour Pk 500","Christmas",38.00,38.00,0.00,0.0,False,"REGULAR","General"
"WOL256","Woolworths","Other","Christmas House Sign – Assorted","Christmas",9.00,9.00,0.00,0.0,False,"REGULAR","General"
"WOL257","Woolworths","Other","Christmas Train Decoration","Christmas",9.00,9.00,0.00,0.0,False,"REGULAR","General"
"WOL258","Woolworths","Other","Christmas Meerkat – Assorted","Christmas",12.00,12.00,0.00,0.0,False,"REGULAR","General"
"WOL259","Woolworths","Other","Christmas Mini Meerkat – Assorted","Christmas",8.00,8.00,0.00,0.0,False,"REGULAR","General"
"WOL260","Woolworths","Other","Product List","Product",5.00,5.00,0.00,0.0,False,"REGULAR","General"
"WOL261","Woolworths","Other","185cm Christmas Tree","185cm",60.00,60.00,0.00,0.0,False,"REGULAR","General"
"WOL262","Woolworths","Other","Christmas Tree Decorations","Christmas",3.00,3.00,0.00,0.0,False,"REGULAR","General"
"WOL263","Woolworths","Other","Christmas Cupcake Kit Pk 12","Christmas",3.50,3.50,0.00,0.0,False,"REGULAR","General"
"WOL264","Woolworths","Other","Christmas Cupcake Cases Large","Christmas",3.50,3.50,0.00,0.0,False,"REGULAR","General"
"WOL265","Woolworths","Other","Christmas Spatula - Assorted","Christmas",4.50,4.50,0.00,0.0,False,"REGULAR","General"
"WOL266","Woolworths","Other","Christmas Cookie Cutters","Christmas",5.00,5.00,0.00,0.0,False,"REGULAR","General"
"WOL269","Woolworths","Other","Green’s Deluxe Baking Mixes 275-630g","Green’s",4.40,4.40,0.00,0.0,False,"REGULAR","General"
"WOL270","Woolworths","Other","Allen’s Jaffas Family Size 300g","Allen’s",8.00,8.00,0.00,0.0,False,"REGULAR","General"
"WOL271","Woolworths","Other","Oreo Bon Bon 131g","Oreo",2.75,5.50,2.75,50.0,True,"HALF_PRICE","General"
"WOL274","Woolworths","Other","Chupa Chups & Mentos Minis Advent Calendar 192g","Chupa",7.50,7.50,0.00,0.0,False,"REGULAR","General"
"WOL280","Woolworths","Other","Darrell Lea Mixed Raspberry Bullets Gift Box 400g","Darrell",9.00,18.00,9.00,50.0,True,"HALF_PRICE","General"
"WOL285","Woolworths","Other","Ferrero Rocher 375g Pk 30","Ferrero",16.00,32.00,16.00,50.0,True,"HALF_PRICE","General"
"WOL286","Woolworths","Other","Woolworths Gold Caramelised Biscuit Pudding 600g","Woolworths",15.00,15.00,0.00,0.0,False,"REGULAR","General"
"WOL287","Woolworths","Other","Woolworths Gold Pavlova Wreath with Atherton Tablelands Vanilla","Woolworths",18.00,18.00,0.00,0.0,False,"REGULAR","General"
"WOL288","Woolworths","Other","Woolworths Gold Roasted Almond Shortbread 500g","Woolworths",19.00,19.00,0.00,0.0,False,"REGULAR","General"
"WOL289","Woolworths","Other","Woolworths Build Your Own Gingerbread House 890g","Woolworths",15.00,15.00,0.00,0.0,False,"REGULAR","General"
"WOL290","Woolworths","Other","Elf on the Shelf DIY Cookie House Kit 420g","Elf",12.00,12.00,0.00,0.0,False,"REGULAR","General"
"WOL291","Woolworths","Other","Thomas Dux Brie or Camembert 125g – From the Deli","Thomas",2.70,2.70,0.00,0.0,False,"REGULAR","General"
"WOL292","Woolworths","Other","South Cape Cream Cheese Varieties 200g – From the Deli","South",5.90,5.90,0.00,0.0,False,"REGULAR","General"
"WOL293","Woolworths","Other","Jarlsberg Cheese Block 250g – From the Deli","Jarlsberg",10.50,10.50,0.00,0.0,False,"REGULAR","General"
"WOL295","Woolworths","Other","Obela Hommus Dips 220g – From the Fridge","Obela",4.00,4.00,0.00,0.0,False,"REGULAR","General"
"WOL296","Woolworths","Other","Mersey Valley Cheese Varieties 180g – From the Deli","Mersey",6.20,6.20,0.00,0.0,False,"REGULAR","General"
"WOL297","Woolworths","Other","Always Fresh Grissini 125g","Always",4.00,4.00,0.00,0.0,False,"REGULAR","General"
"WOL298","Woolworths","Other","Primo Sliced Meats 80-100g","Primo",3.00,3.00,0.00,0.0,False,"REGULAR","General"
"WOL299","Woolworths","Other","Crusty Cob Loaf Varieties#","Crusty",3.20,3.20,0.00,0.0,False,"REGULAR","General"
"WOL300","Woolworths","Other","Always Fresh Olives 240g","Always",4.80,4.80,0.00,0.0,False,"REGULAR","General"
"WOL301","Woolworths","Other","Barossa Fine Foods Delicatessen Varieties 80-120g – From the Deli","Barossa",4.80,4.80,0.00,0.0,False,"REGULAR","General"
"WOL302","Woolworths","Other","Hans Mild Twiggy Sticks 500g – From the Deli","Hans",11.00,11.00,0.00,0.0,False,"REGULAR","General"
"WOL303","Woolworths","Other","KRC Kabana – From the Deli","KRC",20.00,20.00,0.00,0.0,False,"REGULAR","General"
"WOL304","Woolworths","Other","Woolworths Australian Half Leg Ham","Woolworths",8.00,8.00,0.00,0.0,False,"REGULAR","General"
"WOL305","Woolworths","Other","Woolworths Australian Double Smoked Half Leg Ham","Woolworths",13.00,13.00,0.00,0.0,False,"REGULAR","General"
"WOL306","Woolworths","Other","Woolworths Australian Quarter Leg Ham","Woolworths",12.50,12.50,0.00,0.0,False,"REGULAR","General"
"WOL307","Woolworths","Other","Woolworths Australian Easy Carve Shoulder Ham","Woolworths",10.00,10.00,0.00,0.0,False,"REGULAR","General"
"WOL310","Woolworths","Other","Woolworths Gold Sliced Smoked Ham off the Bone 500g","Woolworths",14.00,14.00,0.00,0.0,False,"REGULAR","General"
"WOL311","Woolworths","Other","Bertocchi Mini Easy Carve Leg Ham","Bertocchi",22.00,22.00,0.00,0.0,False,"REGULAR","General"
"WOL316","Woolworths","Other","Ingham’s Frozen Whole Turkey^ – From the Freezer","Ingham’s",7.90,7.90,0.00,0.0,False,"REGULAR","General"
"WOL317","Woolworths","Other","Ingham’s Turkey Easy Carve Buffe^ – From the Freezer","Ingham’s",9.50,9.50,0.00,0.0,False,"REGULAR","General"
"WOL318","Woolworths","Other","Ingham’s Traditional Turkey Thigh Roast 1 kg – From the Freezer","Ingham’s",13.00,13.00,0.00,0.0,False,"REGULAR","General"
"WOL319","Woolworths","Other","Ingham’s Turkey Breast Roast with Spiced Apple & Cranberry Stuffing 1 kg – From the Freezer","Ingham’s",20.00,20.00,0.00,0.0,False,"REGULAR","General"
"WOL320","Woolworths","Other","Australian Calypso® Mangoes","Australian",3.00,3.00,0.00,0.0,False,"REGULAR","General"
"WOL321","Woolworths","Other","Australian Tangold Seedless™ Mandarins","Australian",3.90,3.90,0.00,0.0,False,"REGULAR","General"
"WOL322","Woolworths","Other","Australian Pink Lady Apples","Australian",4.50,4.50,0.00,0.0,False,"REGULAR","General"
"WOL323","Woolworths","Other","Gold Kiwifruit – Product of New Zealand","Gold",9.20,9.20,0.00,0.0,False,"REGULAR","General"
"WOL324","Woolworths","Other","Woolworths Australian Walnuts Kernel 500g Pack","Woolworths",9.50,9.50,0.00,0.0,False,"REGULAR","General"
"WOL328","Woolworths","Other","Kirks Soft Drink Varieties 10 x 375ml","Kirks",7.50,15.00,7.50,50.0,True,"HALF_PRICE","General"
"WOL334","Woolworths","Other","Cookie Man Milk Choc Protein Cookie or Choc Caramel Protein Cookie Pk 1","Cookie",4.50,4.50,0.00,0.0,False,"REGULAR","General"
"WOL335","Woolworths","Other","GAIA Natural Baby Hair & Body Wash 500ml","GAIA",10.20,10.20,0.00,0.0,False,"REGULAR","General"
"WOL336","Woolworths","Other","GAIA Natural Baby Moisturiser 500ml","GAIA",10.20,10.20,0.00,0.0,False,"REGULAR","General"
"WOL337","Woolworths","Other","GAIA Natural Baby Sleeptime Wash 500ml","GAIA",10.20,10.20,0.00,0.0,False,"REGULAR","General"
"WOL338","Woolworths","Other","Bunjie Baby Top to Toe Wash 500ml","Bunjie",12.00,12.00,0.00,0.0,False,"REGULAR","General"
"WOL340","Woolworths","Other","Bunjie Baby Nappy Cream 250g","Bunjie",15.00,15.00,0.00,0.0,False,"REGULAR","General"
"WOL342","Woolworths","Other","Johnson's Baby Bedtime Bath 500ml","Johnson's",6.50,6.50,0.00,0.0,False,"REGULAR","General"
"WOL345","Woolworths","Other","Cetaphil Baby Daily Lotion 400ml","Cetaphil",9.00,9.00,0.00,0.0,False,"REGULAR","General"
"WOL350","Woolworths","Other","Lebara $29.90 Starter Pack†","Lebara",12.00,29.90,17.90,59.9,True,"HALF_PRICE","General"
"WOL351","Woolworths","Other","Telstra $39 Starter Pack‡","Telstra",13.00,39.00,26.00,66.7,True,"HALF_PRICE","General"
"WOL352","Woolworths","Other","Telstra T Essential^","Telstra",59.00,59.00,0.00,0.0,False,"REGULAR","General"
"WOL353","Woolworths","Other","Optus X Start 5§","Optus",49.00,49.00,0.00,0.0,False,"REGULAR","General"
"WOL354","Woolworths","Other","Optus X Pro 2 5G§","Optus",149.00,149.00,0.00,0.0,False,"REGULAR","General"
"WOL355","Woolworths","Other","amaysim $270 Starter Kit*","amaysim",199.00,199.00,0.00,0.0,False,"REGULAR","General"
"WOL356","Woolworths","Other","Woolworths Festive Lamington Selection Pk 8","Woolworths",17.00,17.00,0.00,0.0,False,"REGULAR","General"
"WOL357","Woolworths","Other","Woolworths Luscious Berry Trifle 1.2 kg","Woolworths",25.00,25.00,0.00,0.0,False,"REGULAR","General"
"WOL358","Woolworths","Other","Dreame H12 Pro Wet & Dry Vacuum Cleaner/Mop","Dreame",379.00,799.00,420.00,52.6,True,"HALF_PRICE","General"
"WOL359","Woolworths","Other","Devanti 80cm Pedestal Fan W/ Remote Cooling Fan, White","Devanti",65.00,65.00,0.00,0.0,False,"REGULAR","General"
"WOL360","Woolworths","Other","Advwin Mini Fridge Skincare, Makeup With LED Mirror, White","Advwin",55.99,55.99,0.00,0.0,False,"REGULAR","General"
"WOL361","Woolworths","Other","Gardeon Sun Lounger Camping Folding Chair, Black","Gardeon",79.00,79.00,0.00,0.0,False,"REGULAR","General"
"WOL362","Woolworths","Other","Vevare Portable Ice Maker Machine with Ice Cube Tray 12kg","Vevare",104.00,104.00,0.00,0.0,False,"REGULAR","General"
"WOL363","Woolworths","Other","STARRY EUCALYPT Folding Mattress Mesh Bamboo Single 79x190cm","STARRY",58.00,58.00,0.00,0.0,False,"REGULAR","General"
"WOL364","Woolworths","Other","Joseph Joseph Pocket Plus Folding Tabletop Ironing Board","Joseph",89.00,89.00,0.00,0.0,False,"REGULAR","General"
"WOL365","Woolworths","Other","Devanti Dehumidifier 2L Air Purifier, Black","Devanti",73.00,73.00,0.00,0.0,False,"REGULAR","General"
"WOL366","Woolworths","Other","Sheraton Luxury Bamboo Luxe Sheet Set White","Sheraton",39.00,39.00,0.00,0.0,False,"REGULAR","General"
"WOL367","Woolworths","Other","Zinus Computer Desk for Home Office & Study Desk 140cm","Zinus",99.00,99.00,0.00,0.0,False,"REGULAR","General"
"WOL368","Woolworths","Other","Devanti 3 Place Settings Benchtop Dishwasher","Devanti",344.00,344.00,0.00,0.0,False,"REGULAR","General"
"WOL369","Woolworths","Other","Vevare Air Fryer Oven LCD Display 32L","Vevare",140.00,140.00,0.00,0.0,False,"REGULAR","General"
"WOL370","Woolworths","Other","BLACK LORD Weight Bench 14in1 Press Multi-Station Fitness Home Gym","BLACK",252.00,252.00,0.00,0.0,False,"REGULAR","General"
"WOL372","Woolworths","Other","Gardeon 3PC Outdoor Bistro Set Patio Furniture Grey","Gardeon",173.00,173.00,0.00,0.0,False,"REGULAR","General"
"WOL373","Woolworths","Other","Artiss Racing Simulator Cockpit","Artiss",306.00,306.00,0.00,0.0,False,"REGULAR","General"
"COL011","Coles","Personal Care & Health","Libra Ultra Thin Pads with Wings Regular 14 Pack or Super 12 Pack","Libra",3.00,6.00,3.00,50.0,True,"Half Price Specials","Health & Beauty"
"COL111","Coles","Personal Care & Health","Olay Complete Sensitive Moisturising Lotion SPF30","Olay",8.00,16.00,8.00,50.0,True,"Half Price Specials","Health & Beauty"
"COL112","Coles","Personal Care & Health","Olay Moisturising Cream","Olay",8.00,16.00,8.00,50.0,True,"Half Price Specials","Health & Beauty"
"COL113","Coles","Personal Care & Health","Olay Regenerist Retinol24 Night Moisturiser","Olay",30.00,60.00,30.00,50.0,True,"Half Price Specials","Health & Beauty"
"COL114","Coles","Personal Care & Health","Rexona Advanced 72hr Aerosol Deodorant","Rexona",5.25,10.50,5.25,50.0,True,"Half Price Specials","Health & Beauty"
"COL115","Coles","Personal Care & Health","Palmolive Naturals Body Wash","Palmolive",6.00,12.00,6.00,50.0,True,"Half Price Specials","Health & Beauty"
"COL116","Coles","Personal Care & Health","Pantene Shampoo or Conditioner","Pantene",10.00,20.00,10.00,50.0,True,"Half Price Specials","Health & Beauty"
"COL117","Coles","Personal Care & Health","Head & Shoulders Shampoo or Conditioner","Head & Shoulders",10.50,21.00,10.50,50.0,True,"Half Price Specials","Health & Beauty"
"COL118","Coles","Personal Care & Health","Sukin Shampoo or Conditioner","Sukin",17.50,35.00,17.50,50.0,True,"Half Price Specials","Health & Beauty"
"COL119","Coles","Personal Care & Health","Banana Boat Sport Sunscreen SPF50+","Banana Boat",15.00,30.00,15.00,50.0,True,"Half Price Specials","Health & Beauty"
"COL120","Coles","Personal Care & Health","Oral B Pro Health Advanced Deep Clean or Whitening Toothpaste","Oral B",3.00,6.00,3.00,50.0,True,"Half Price Specials","Health & Beauty"
"COL121","Coles","Personal Care & Health","Oral B Pro 800 Cross Action Black Electric Toothbrush","Oral B",50.00,100.00,50.00,50.0,True,"Half Price Specials","Health & Beauty"
"COL122","Coles","Personal Care & Health","Libra Body Fit Tampons Regular or Super","Libra",2.50,5.00,2.50,50.0,True,"Half Price Specials","Health & Beauty"
"COL123","Coles","Personal Care & Health","Libra Dry Ultra Thin or Extra Pads with Wings","Libra",3.25,6.50,3.25,50.0,True,"Half Price Specials","Health & Beauty"
"COL124","Coles","Personal Care & Health","Libra Goodnights with Wings Ultra Thin or Extra Pads","Libra",3.00,6.00,3.00,50.0,True,"Half Price Specials","Health & Beauty"
"COL125","Coles","Personal Care & Health","Blackmores Rapi-Melts","Blackmores",15.00,30.00,15.00,50.0,True,"Half Price Specials","Health & Beauty"
"COL126","Coles","Personal Care & Health","Blackmores Executive B Stress Formula Tablets","Blackmores",20.00,40.00,20.00,50.0,True,"Half Price Specials","Health & Beauty"
"COL127","Coles","Personal Care & Health","Blackmores Super Magnesium+ Tablets","Blackmores",22.50,45.00,22.50,50.0,True,"Half Price Specials","Health & Beauty"
"COL128","Coles","Personal Care & Health","Blackmores Omega Triple Super Strength Capsules","Blackmores",22.50,45.00,22.50,50.0,True,"Half Price Specials","Health & Beauty"
"COL129","Coles","Personal Care & Health","Blackmores Bio C 1000mg Tablets","Blackmores",25.00,50.00,25.00,50.0,True,"Half Price Specials","Health & Beauty"
"COL130","Coles","Personal Care & Health","Blackmores Fish Oil 1000mg Capsules","Blackmores",30.00,60.00,30.00,50.0,True,"Half Price Specials","Health & Beauty"
"COL146","Coles","Personal Care & Health","Coles Aloe Vera After Sun Gel","Coles",5.00,0.00,0.00,0.0,True,"Half Price Specials","Health & Beauty"
"COL147","Coles","Personal Care & Health","Coles Ultra Sunscreen Pump SPF50+","Coles",9.00,0.00,0.00,0.0,True,"Half Price Specials","Health & Beauty"
"COL148","Coles","Personal Care & Health","Coles Ultra Sunscreen Pump SPF50+","Coles",14.00,0.00,0.00,0.0,True,"Half Price Specials","Health & Beauty"
"COL283","Coles","Personal Care & Health","L'Oréal Men Expert Hydra Energetic Extreme Sport Aerosol Deodorant","L'Oréal",4.50,9.00,4.50,50.0,True,"Half Price Specials","Health & Beauty"
"COL284","Coles","Personal Care & Health","Gillette Sensor 3 Comfort Disposable Razors","Gillette",7.25,14.50,7.25,50.0,True,"Half Price Specials","Health & Beauty"
"COL285","Coles","Personal Care & Health","Bic Easy 2 Sensitive Disposable Razors","Bic",2.75,5.50,2.75,50.0,True,"Half Price Specials","Health & Beauty"
"COL286","Coles","Personal Care & Health","KOi For Men Body Hair Trimmer","KOi",12.50,25.00,12.50,50.0,True,"Half Price Specials","Health & Beauty"
"COL287","Coles","Personal Care & Health","Lynx Deodorant Body Spray","Lynx",5.00,8.00,0.00,37.5,True,"Half Price Specials","Health & Beauty"
"COL288","Coles","Personal Care & Health","Tena Proskin Maxi Pants Size L","Tena",36.00,45.00,9.00,20.0,True,"Half Price Specials","Health & Beauty"
"COL289","Coles","Personal Care & Health","Sensodyne Soft Daily Care Toothbrush","Sensodyne",6.60,11.00,4.40,40.0,True,"Half Price Specials","Health & Beauty"
"COL290","Coles","Personal Care & Health","Sensodyne Cool Mint Alcohol Free Mouthwash","Sensodyne",5.90,9.90,4.00,40.4,True,"Half Price Specials","Health & Beauty"
"COL291","Coles","Personal Care & Health","Sensodyne Repair & Protect Whitening or Cool Mint Toothpaste","Sensodyne",7.35,12.30,4.95,40.2,True,"Half Price Specials","Health & Beauty"
"COL292","Coles","Personal Care & Health","Glow Lab Hand Wash","Glow Lab",4.50,8.00,3.50,43.8,True,"Half Price Specials","Health & Beauty"
"COL293","Coles","Personal Care & Health","Colgate Optic White Stain Fighter Whitening Toothpaste","Colgate",7.00,10.00,3.00,30.0,True,"Half Price Specials","Health & Beauty"
"COL294","Coles","Personal Care & Health","L'Oréal Elvive Colour Protect Shampoo or Conditioner","L'Oréal",7.00,10.00,3.00,30.0,True,"Half Price Specials","Health & Beauty"
"COL295","Coles","Personal Care & Health","Herbal Essences Classics Shampoo or Conditioner","Herbal Essences",9.00,15.00,6.00,40.0,True,"Half Price Specials","Health & Beauty"
"COL296","Coles","Personal Care & Health","Nivea Body Wash","Nivea",9.50,17.00,0.00,44.1,True,"Half Price Specials","Health & Beauty"
"COL297","Coles","Personal Care & Health","Zyrtec Rapid Tablets","Zyrtec",11.20,14.00,0.00,20.0,True,"Half Price Specials","Health & Beauty"
"COL298","Coles","Personal Care & Health","Revlon ColorStay Pressed Powder","Revlon",23.00,40.00,17.00,42.5,True,"Half Price Specials","Health & Beauty"
"COL299","Coles","Personal Care & Health","E.L.F. Power Grip Primer","E.L.F.",24.00,0.00,0.00,0.0,True,"Half Price Specials","Health & Beauty"
"COL303","Coles","Personal Care & Health","Johnson's Baby 3-in-1 Shampoo, Conditioner & Wash","Johnson's",7.50,12.50,5.00,40.0,True,"Half Price Specials","Baby"
"WOL004","Woolworths","Personal Care & Health","Rexona Antiperspirant Deodorant 250ml","Rexona",4.25,8.50,4.25,50.0,True,"HALF_PRICE","General"
"WOL058","Woolworths","Personal Care & Health","Schwarzkopf Extra Care Shampoo or Conditioner 400ml","Schwarzkopf",4.50,9.00,4.50,50.0,True,"HALF_PRICE","General"
"WOL059","Woolworths","Personal Care & Health","L’Oréal Paris Elvive Shampoo or Conditioner 340ml","L’Oréal",5.00,10.00,5.00,50.0,True,"HALF_PRICE","General"
"WOL060","Woolworths","Personal Care & Health","Being Shampoo or Conditioner 354ml","Being",6.50,13.00,6.50,50.0,True,"HALF_PRICE","General"
"WOL061","Woolworths","Personal Care & Health","Sunsilk Shampoo or Conditioner 700ml","Sunsilk",6.75,13.50,6.75,50.0,True,"HALF_PRICE","General"
"WOL062","Woolworths","Personal Care & Health","TRESemmé Shampoo or Conditioner 940ml","TRESemmé",9.25,18.50,9.25,50.0,True,"HALF_PRICE","General"
"WOL063","Woolworths","Personal Care & Health","Pantene Pro-V Shampoo or Conditioner 900ml","Pantene",10.00,20.00,10.00,50.0,True,"HALF_PRICE","General"
"WOL064","Woolworths","Personal Care & Health","Head & Shoulders Anti Dandruff Shampoo or Conditioner 660ml","Head",10.50,21.00,10.50,50.0,True,"HALF_PRICE","General"
"WOL065","Woolworths","Personal Care & Health","John Frieda Shampoo or Conditioner 250ml","John",10.50,21.00,10.50,50.0,True,"HALF_PRICE","General"
"WOL066","Woolworths","Personal Care & Health","OGX Shampoo or Conditioner 385ml","OGX",11.50,23.00,11.50,50.0,True,"HALF_PRICE","General"
"WOL069","Woolworths","Personal Care & Health","Batiste Dry Shampoo 350ml","Batiste",9.50,19.00,9.50,50.0,True,"HALF_PRICE","General"
"WOL169","Woolworths","Personal Care & Health","Dove Advanced Care Deodorant 250ml","Dove",5.75,11.50,5.75,50.0,True,"HALF_PRICE","General"
"WOL171","Woolworths","Personal Care & Health","Dove Shampoo or Conditioner 850ml","Dove",9.75,19.50,9.75,50.0,True,"HALF_PRICE","General"
"WOL182","Woolworths","Personal Care & Health","Colgate Advanced Whitening Toothpaste 200g","Colgate",5.00,10.00,5.00,50.0,True,"HALF_PRICE","General"
"WOL183","Woolworths","Personal Care & Health","Gem Antiperspirant Deodorant 127g","Gem",5.25,10.50,5.25,50.0,True,"HALF_PRICE","General"
"WOL185","Woolworths","Personal Care & Health","Nivea SPF 50+ Sun Protect & Moisture Sunscreen 400ml^","Nivea",14.00,28.00,14.00,50.0,True,"HALF_PRICE","General"
"WOL339","Woolworths","Personal Care & Health","Bunjie Baby Gentle Shampoo 500ml","Bunjie",12.00,12.00,0.00,0.0,False,"REGULAR","General"
"WOL341","Woolworths","Personal Care & Health","Johnson's Baby Shampoo 500ml","Johnson's",6.50,6.50,0.00,0.0,False,"REGULAR","General"
"WOL343","Woolworths","Personal Care & Health","Johnson's Baby Shampoo, Conditioner & Wash 500ml","Johnson's",7.50,7.50,0.00,0.0,False,"REGULAR","General"
"WOL344","Woolworths","Personal Care & Health","Cetaphil Baby Gentle Wash & Shampoo 400ml","Cetaphil",9.00,9.00,0.00,0.0,False,"REGULAR","General"
"WOL346","Woolworths","Personal Care & Health","Cetaphil Baby Calendula Wash & Shampoo 400ml","Cetaphil",11.50,11.50,0.00,0.0,False,"REGULAR","General"
"WOL347","Woolworths","Personal Care & Health","Glow Lab Shine Gloss Shampoo or Conditioner 600ml","Glow",10.00,20.00,10.00,50.0,True,"HALF_PRICE","General"
"WOL008","Woolworths","Potato Chips & Snacks","Poppin Microwave Popcorn 85-100g","Poppin",1.00,2.00,1.00,50.0,True,"HALF_PRICE","General"
"WOL015","Woolworths","Rice 5kg Bags","SunRice Fragrant Jasmine Rice 5 kg","SunRice",12.50,27.00,14.50,53.7,True,"HALF_PRICE","General"
"WOL116","Woolworths","Rice 5kg Bags","Introductory price","Introductory",8.50,8.50,0.00,0.0,False,"REGULAR","General"
"WOL117","Woolworths","Rice 5kg Bags","Introductory price","Introductory",8.00,8.00,0.00,0.0,False,"REGULAR","General"
"WOL119","Woolworths","Rice 5kg Bags","Introductory price","Introductory",11.20,11.20,0.00,0.0,False,"REGULAR","General"
"WOL333","Woolworths","Rice 5kg Bags","Introductory price","Introductory",3.00,3.00,0.00,0.0,False,"REGULAR","General"
"WOL348","Woolworths","Rice 5kg Bags","Introductory price","Introductory",12.50,12.50,0.00,0.0,False,"REGULAR","General"
"WOL349","Woolworths","Rice 5kg Bags","Introductory price","Introductory",7.00,7.00,0.00,0.0,False,"REGULAR","General"
"WOL016","Woolworths","Breakfast Cereals & Drinks","Kellogg’s Crunchy Nut Corn Flakes 640g or Froot Loops 460g","Kellogg’s",5.00,10.00,5.00,50.0,True,"HALF_PRICE","General"
"WOL017","Woolworths","Breakfast Cereals & Drinks","Kellogg’s Nutri Grain 765g, Coco Pops 650g or Just Right Cereal 740g","Kellogg’s",5.40,10.80,5.40,50.0,True,"HALF_PRICE","General"
"WOL078","Woolworths","Instant Coffee","Moccona Coffee Sachets Pk 8-10","Moccona",3.95,7.90,3.95,50.0,True,"HALF_PRICE","General"
"WOL107","Woolworths","Instant Coffee","Dare Iced Coffee 500ml – From the Fridge","Dare",3.40,3.40,0.00,0.0,False,"REGULAR","General"
"WOL130","Woolworths","Instant Coffee","Before You Speak Coffee Sachets Pk 10","Before",4.00,8.00,4.00,50.0,True,"HALF_PRICE","General"
"WOL131","Woolworths","Instant Coffee","Moccona Freeze Dried Classic or Indulgence Coffee 200g","Moccona",16.50,16.50,0.00,0.0,False,"REGULAR","General"
"WOL133","Woolworths","Instant Coffee","Nescafé Blend 43 Coffee 500g","Nescafé",22.00,22.00,0.00,0.0,False,"REGULAR","General"
"WOL134","Woolworths","Instant Coffee","Grinders Cafe-Q Coffee Beans 1 kg","Grinders",35.00,35.00,0.00,0.0,False,"REGULAR","General"
"WOL139","Woolworths","Instant Coffee","Harris Freeze Dried Coffee 300g","Harris",19.00,19.00,0.00,0.0,False,"REGULAR","General"
"WOL371","Woolworths","Instant Coffee","TODO Espresso Coffee Machine 1.25L, Black","TODO",143.10,143.10,0.00,0.0,False,"REGULAR","General"
"WOL125","Woolworths","Canned Tuna 95g","Sealord Fish Bites 340-400g","Sealord",7.50,7.50,0.00,0.0,False,"REGULAR","General"
"WOL312","Woolworths","Canned Tuna 95g","Ocean Blue Smoked Salmon 300g","Ocean",15.00,15.00,0.00,0.0,False,"REGULAR","General"
"WOL314","Woolworths","Canned Tuna 95g","Woolworths Australian Fresh Salmon Portions Skin On 460g","Woolworths",17.50,17.50,0.00,0.0,False,"REGULAR","General"